English,Malayalam,length_eng_sentence,length_mal_sentence
merry christmas,ക്രിസ്തുമസ് ആശംസകള്,2,2
you should have listened to me,നീ ഞാൻ പറഞ്ഞത് കേൾക്കണമായിരുന്നു,6,4
you don't know who i am,ഞാൻ ആരാണെന്ന് നിനക്കറിയില്ല,6,3
there are things in this world which simply cannot be expressed in the form of words,ഈ ലോകത്ത് വാക്കുകൾ കൊണ്ട് വിവരിക്കാൻ പറ്റാത്ത പലതും ഉണ്ട്,16,8
since mario lied to me i don't speak to him anymore,മാരിയോ എന്നോട് കളവു പറഞ്ഞതിനാൽ മേലിൽ അവനോടു ഞാൻ സംസാരിക്കുകയില്ല,11,8
florence is the most beautiful city in italy,ഫ്ലോറൻസ് ഇറ്റലിയിലെ ഏറ്റവും മനോഹരമായ നഗരമാണ്,8,5
you should have come earlier,നീ നേരത്തെ വരണമായിരുന്നു,5,3
have you finished it,നീ അത് തീർത്തോ,4,3
you must return the book to him,നീ ഈ പുസ്തകം അവന് തിരിച്ചു നൽകണം,7,6
did you leave the window open,നീ ജനാല തുറന്നിട്ടിരുന്നോ,6,3
i like the way you smile,എനിക്ക് നീ ചിരിക്കുന്ന രീതി ഇഷ്ടമാണ്,6,5
there are several spelling errors in your essay,നിന്റെ ഉപന്യാസത്തിൽ വളരെയധികം അക്ഷരതെറ്റുകളുണ്ട്,8,4
i didn't know that you were in this town,നിങ്ങൾ ഈ പട്ടണത്തിലുണ്ടായിരുന്നുവെന്ന് എനിക്ക് അറിയില്ലായിരുന്നു,9,5
hunger drove him to steal,വിശപ്പ് അവനെ മോഷ്ടിക്കാന് പ്രേരിപ്പിച്ചു,5,4
how long is the golden gate bridge,ഗോൾഡൻ ഗേറ്റ് ബ്രിഡ്ജിന്റെ നീളം എത്രയാണ്,7,5
money is a good servant but a bad master,ധനം ഒരു നല്ല ഭൃത്യനാണ് പക്ഷേ ഒരു മോശം യജമാനനും,9,8
education is an investment in the future,വിദ്യാഭ്യാസം ഭാവിയിലേക്കുള്ള ഒരു നിക്ഷേപമാണ്,7,4
i'm willing to do the job if you cooperate,നിങ്ങള് സഹകരിച്ചാല് ഈ ജോലി ചെയ്യാന് എനിക്ക് താല്പര്യമുണ്ട്,9,7
fish cannot live out of water,മത്സ്യങ്ങള്ക്ക് വെള്ളത്തിന് പുറത്ത് ജീവിക്കാന് സാധിക്കില്ല,6,5
how did you spend your vacation,നീ എങ്ങനെ നിന്റെ അവധിക്കാലം ചെലവഴിച്ചു,6,5
i will gladly help you,ഞാന് സന്തോഷത്തോടെ നിങ്ങളെ സഹായിക്കാം,5,4
the school's closure was due to the snow,മഞ്ഞ് കാരണമാണ് സ്കൂൾ അടച്ചത്,8,4
it is dark outside,പുറത്ത് ഇരുട്ടാണ്,4,2
we obeyed the rules,ഞങ്ങൾ നിയമങ്ങൾ അനുസരിച്ചു,4,3
scientists can easily compute the distance between planets,ശാസ്ത്രജ്ഞർക്ക് രണ്ട് ഗ്രഹങ്ങൾ തമ്മിലുള്ള ദൂരം എളുപ്പത്തിൽ കണക്കുകൂട്ടാൻ സാധിക്കും,8,8
the summer vacation ended all too soon,വേനൽ അവധിക്കാലം വളരെ പെട്ടെന്ന് അവസാനിച്ചു,7,5
english is easy to learn,ഇംഗ്ലീഷ് പഠിക്കാന് എളുപ്പമാണ്,5,3
do you have an english dictionary,നിങ്ങളുടെ കൈയ്യിൽ ഒരു ഇംഗ്ലീഷ് നിഘണ്ടുവുണ്ടോ,6,5
don't attempt two things at a time,രണ്ടു കാര്യങ്ങള് ഒരേസമയം ചെയ്യാന് ശ്രമിക്കരുത് ,7,6
that might be the most painful experience in my life,എന്റെ ജീവിതത്തിലെ ഏറ്റവും വേദനാജനകമായ അനുഭവം അതായിരിക്കും,10,6
we plan to stay a week,ഞങ്ങൾ ഒരാഴ്ച തങ്ങാനാണ് ആലോചിക്കുന്നത്,6,4
the doctor suggested that he give up smoking,പുകവലി നിര്ത്താന് ഡോക്ടര് അവനെ നിര്ദ്ദേശിച്ചു,8,5
i couldn't recognize him at first,എനിക്ക് ആദ്യം അവനെ തിരിച്ചറിയാൻ കഴിഞ്ഞില്ല,6,5
i am beginning to understand,ഞാൻ മനസ്സിലാക്കാൻ തുടങ്ങുന്നു,5,3
london was bombed several times,ലണ്ടന് പല തവണ ബോംബ്‌ ചെയ്യപ്പെട്ടു,5,5
russia is facing great financial difficulties,റഷ്യ വളരെ വലിയ സാമ്പത്തിക പ്രതിസന്ധി നേരിടുകയാണ്,6,6
if you like i will teach you to play chess,നിനക്കിഷ്ടമാണെങ്കിൽ ഞാൻ നിന്നെ ചെസ്സ് കളിക്കാൻ പഠിപ്പിക്കാം,10,6
i can't sleep well,എനിക്ക് നന്നായി ഉറങ്ങാന് പറ്റുന്നില്ല,4,4
walk slowly,പതുക്കെ നടക്കുക,2,2
the game will be called off if it rains tomorrow,നാളെ മഴ പെയ്യുകയാണെങ്കിൽ മത്സരം ഉപേക്ഷിക്കും,10,5
if you had left home a little earlier you would have been in time,നീ വീട്ടിൽ നിന്ന് കുറച്ച് നേരത്തെ പുറപ്പെട്ടിരുന്നുവെങ്കിൽ നിനക്ക് സമയത്ത് എത്താമായിരുന്നു,14,9
i'll think about it,ഞാൻ അതിനെക്കുറിച്ച് ആലോചിക്കാം,4,3
i'll call you some other time,ഞാൻ നിന്നെ പിന്നെ എപ്പോഴെങ്കിലും വിളിക്കാം,6,5
bob helped me,ബോബ് എന്നെ സഹായിച്ചു,3,3
i sprained my finger while playing volleyball,വോളിബോൾ കളിക്കുന്നതിനിടെ എന്റെ വിരൽ ഉളുക്കി,7,5
it is cheaper to go by bus,ബസ്സില് പോകുന്നതാണ് ലാഭം,7,3
a basketball team consists of five players,ഒരു ബാസ്കറ്റ് ബോൾ ടീമിൽ അഞ്ചു കളിക്കാരുണ്ട്,7,6
thank you for inviting me to the party,എന്നെ വിരുന്നിലേക്ക് ക്ഷണിച്ചതിന് നന്ദി,8,4
it is bad manners to eat with a knife,കത്തി ഉപയോഗിച്ച് കഴിക്കുന്നത് ഒരു മോശം ശീലമാണ്,9,6
tom is growing a mustache,ടോം മീശ വളർത്തുകയാണ്,5,3
tom was sitting in the front of the bus,ടോം ബസ്സിന്റെ മുമ്പിൽ ഇരിക്കുകയായിരുന്നു,9,4
tom lived in japan for ten years,ടോം ജപ്പാനില് പത്തു വര്ഷം ജീവിച്ചു,7,5
where does it hurt,എവിടെയാണ് വേദനിക്കുന്നത്,4,2
i didn't go out because it was very cold,വളരെ തണുപ്പായതിനാൽ ഞാൻ പുറത്തു പോയില്ല,9,5
i remember meeting you somewhere,ഞാൻ നിങ്ങളെ എവിടെയോ കണ്ടതായി ഓർക്കുന്നു,5,5
nothing would persuade him,ഒന്നിനും അവനെ സ്വാധീനിക്കാന് കഴിയുകയില്ല,4,4
shut the door,ആ വാതിൽ അടയ്ക്കൂ,3,3
the door was locked from within,ആ വാതില് അകത്തു നിന്ന് പൂട്ടിയിരിക്കുകയായിരുന്നു,6,5
aren't you fond of playing tennis,നിനക്ക് ടെന്നീസ് കളിക്കാൻ ഇഷ്ടമാണോ,6,4
under the table was a black cat,മേശക്കടിയിൽ ഒരു കറുത്ത പൂച്ചയുണ്ടായിരുന്നു,7,4
at last they came to a decision,അവസാനം അവർ ഒരു തീരുമാനത്തിൽ എത്തി,7,5
at last he came,അവസാനം അവൻ വന്നു,4,3
no one could find the cave,ആർക്കും ഗുഹ കണ്ടെത്താനായില്ല,6,3
no one ever saw such a thing,ആരും അങ്ങനെയൊരു സാധനം കണ്ടിട്ടേയില്ല,7,4
whoever comes don't open the door,ആര് വന്നാലും വാതില് തുറക്കണ്ട,6,4
do you know who conquered mt everest first,എവറസ്റ്റ് കൊടുമുടി ആദ്യമായി കീഴടക്കിയതാരാണെന്ന് നിനക്കറിയാമോ,8,5
the ostrich has wings but it cannot fly,ഒട്ടകപ്പക്ഷിക്ക് ചിറകുകളുണ്ട് പക്ഷേ അതിന് പറക്കാന് സാധിക്കില്ല,8,6
that's impossible,അത് അസാധ്യമാണ്,2,2
give it to me please,ദയവായി അതെനിക്കു തരൂ,5,3
it happened between eight and ten,എട്ടിനും പത്തിനുമിടയ്ക്കാണ് അതു സംഭവിച്ചത്,6,4
it's a dictionary,അതൊരു നിഘണ്ടുവാണ്,3,2
it was all our fault,എല്ലാം നമ്മുടെ തെറ്റാണ്,5,3
that is not your knife,അത് നിന്റെ കത്തിയല്ല,5,3
it is no use arguing about it,അതിനെപ്പറ്റി തര്ക്കിച്ചിട്ട് ഒരു കാര്യവുമില്ല,7,4
i have heard the story,ഞാൻ ഈ കഥ കേട്ടിട്ടുണ്ട്,5,4
the medicine saved her life,ആ മരുന്ന് അവളുടെ ജീവന് രക്ഷിച്ചു,5,5
the tree grows very quickly,ഈ മരം വളരെ പെട്ടെന്ന് വളരും,5,5
the cat was scared by an unfamiliar noise,അപരിചിതമായ ശബ്ദം കേട്ട പൂച്ച ഭയന്നു,8,5
cross the road with care,റോഡ് മുറിച്ചു കടക്കുമ്പോൾ സൂക്ഷിക്കുക,5,4
the crane was standing on one leg,ആ കൊക്ക് ഒറ്റക്കാലിൽ നിൽക്കുകയായിരുന്നു,7,4
the town grew into a city,ആ പട്ടണം ഒരു നഗരമായ് വളർന്നു,6,5
his explanation was not satisfactory,അവന്റെ വിശദീകരണം തൃപ്തികരമല്ലായിരുന്നു,5,3
the information is useful to a great many people,ഈ വിവരം വളരെയധികം ആളുകൾക്ക് ഉപകാരപ്രദമാണ്,9,5
in that case call the police,അങ്ങനെയാണെങ്കിൽ പോലീസിനെ വിളിക്കൂ,6,3
many people were killed in the accident,ആ അപകടത്തിൻ നിരവധി പേർ കൊല്ലപ്പെട്ടു,7,5
the forest fire occurred through carelessness,അശ്രദ്ധ മൂലമാണ് കാട്ടുതീ ഉണ്ടായത്,6,4
the bag was too heavy for me to carry by myself,സഞ്ചി എനിക്ക് വഹിക്കാന് കഴിയുന്നതിനെക്കാള് ഭാരമേറിയതായിരുന്നു,11,5
we will discuss that later,നമുക്ക് അത് പിന്നെ ചര്ച്ച ചെയ്യാം,5,5
the flower comes out in early spring,പുഷ്പം വസന്തത്തിന്റെ തുടക്കത്തില് ആണ് വിരിയുന്നത് ,7,6
the movie gained her great popularity,ആ സിനിമ അവള്ക്ക് വളരെയധികം പ്രശസ്തി നേടി കൊടുത്തു,6,7
the news spread like wildfire,ആ വാര്ത്ത കാട്ടുതീ പോലെ പടര്ന്നു,5,5
the door opened of itself,ആ വാതിൽ തനിയെ തുറുന്നു,5,4
we didn't have tv in those days,ഞങ്ങൾക്ക് അക്കാലത്ത് ടിവിയുണ്ടായിരുന്നില്ല,7,3
such an accident is likely to happen again,അതുപോലൊരു അപകടം വീണ്ടും ഉണ്ടാകാന് സാധ്യത ഉണ്ട് ,8,7
all men are equal before god,ദൈവത്തിന് മുമ്പിൽ എല്ലാ മനുഷ്യരും തുല്യരാണ്,6,5
it is not easy to be understood by everybody,ഇത് എല്ലാവരാലും എളുപ്പത്തില് മനസിലാക്കപ്പെടാന് കഴിയുന്നതല്ല,9,5
i'm coming at once,ഞാൻ ഇപ്പോൾ തന്നെ വരികയാണ്,4,4
john is very proud of his new house,ജോൺ അവന്റെ പുതിയ വീടിനെക്കുറിച്ച് വളരെയധികം അഭിമാനിക്കുന്നു,8,6
it is not easy to speak english well,ഇംഗ്ലീഷ് നന്നായി സംസാരിക്കാൻ അത്ര എളുപ്പമല്ല,8,5
judy dances very well,ജൂഡി നന്നായി നൃത്തം ചെയ്യും,4,4
jack is interested in painting,ജാക്കിന് ചിത്രരചനയിൽ താൽപ്പര്യമുണ്ട്,5,3
jack isn't here,ജാക്ക് ഇവിടെയില്ല,3,2
san francisco is only one-tenth as populous as new york,സാൻ ഫ്രാൻസിസ്കോയ്ക്ക് ന്യൂ യോർക്കിന്റെ ജനസംഖ്യയുടെ പത്തിലൊന്ന് മാത്രമേയുള്ളൂ,10,7
i will do anything but this,ഞാന് ഇതൊഴിച്ച് വേറെ എന്തു വേണമെങ്കിലും ചെയ്യാം,6,6
who broke this,ആരാണിത് പൊട്ടിച്ചത്,3,2
i've read both these books,ഞാൻ ഈ രണ്ട് പുസ്തകങ്ങളും വായിച്ചിട്ടുണ്ട്,5,5
these pens are his,ഈ പേനകൾ അവന്റേതാണ്,4,3
this isn't my umbrella it's somebody else's,ഇതെന്റെ കുടയല്ല വേറാരുടെയോ ആണ്,7,4
this is the house that jack built,ഇതാണ് ജാക്ക് പണിത വീട്,7,4
is this your pen,ഇതു നിന്റെ പേനയാണോ,4,3
this is the best camera in the store,ഈ കടയിലെ എറ്റവും മികച്ച ക്യാമറ ഇതാണ്,8,6
sorry it's all my fault,ക്ഷമിക്കണം എല്ലാം എന്റെ തെറ്റാണ്,5,4
i will give you this book,ഞാൻ നിനക്ക് ഈ പുസ്തകം തരാം,6,5
this book contains many pictures,ഈ പുസ്തകത്തിൽ കുറെ ചിത്രങ്ങളുണ്ട്,5,4
the meaning of this sentence is ambiguous,ഈ വാക്യത്തിന് ഒന്നില് കൂടുതല് അര്ത്ഥങ്ങളുണ്ട്,7,5
how does this disease spread,ഈ രോഗം എങ്ങനെയാണ് പടരുന്നത്,5,4
what is the real cause of this tragedy,ഈ ദുരന്തത്തിന്റെ യഥാർത്ഥ കാരണം എന്താണ്,8,5
this is good meat,ഇത് നല്ല മാംസം ആണ് ,4,5
i'm quite a stranger in this town,ഞാന് ഈ പട്ടണത്തില് തികച്ചും ഒരു അപരിചിതനാണ്,7,6
i demand an explanation for this mistake,ഞാൻ ഈ തെറ്റിനുള്ള വിശദീകരമണം ആവശ്യപ്പെടുന്നു,7,5
you can depend on this dictionary,നിനക്ക് ഈ നിഘണ്ടുവിൽ ആശ്രയിക്കാം,6,4
this mountain path ascends to the beautiful lake,ഈ പർവത പാത മനോഹരമായ തടാകത്തിനടുത്തേക്ക് കയറിച്ചെല്ലുന്നു,8,6
this country is safe from attack,ഈ രാജ്യം ആക്രമണത്തിൽ നിന്നും സുരക്ഷിതമാണ്,6,5
this song is familiar to us,ഈ പാട്ട് ഞങ്ങൾക്ക് സുപരിചിതമാണ്,6,4
this house has two bathrooms,ഈ വീട്ടിൽ രണ്ട് കുളിമുറികളുണ്ട്,5,4
i remember having seen this movie before,ഞാൻ ഈ സിനിമ മുമ്പ് കണ്ടതായി ഓർക്കുന്നു,7,6
this is how the accident happened,ഇങ്ങനെയാണ് ആ അപകടം നടന്നത്,6,4
this table is made of wood,ഈ മേശ തടി കൊണ്ട് ഉണ്ടാക്കിയതാണ്,6,5
this class consists of forty pupils,ഈ ക്ലാസ്സിൽ നാല്പത് കുട്ടികളാണുള്ളത്,6,4
how many cats are there in this house,ഈ വീട്ടിൽ എത്ര പൂച്ചകളുണ്ട്,8,4
you may sit here,നിനക്ക് ഇവിടെ ഇരിക്കാം,4,3
please wait here,ദയവായി ഇവിടെ കാത്തിരിക്കൂ,3,3
we cannot play baseball here,നമുക്കിവിടെ ബേസ് ബോള് കളിയ്ക്കാന് സാധിക്കില്ല,5,5
this is the place where the battle took place,ഈ സ്ഥലത്താണ് ആ യുദ്ധം നടന്നത്,9,5
coffee is brazil's main product,ബ്രസീലിന്റെ പ്രധാന ഉല്പന്നം കാപ്പിയാണ്,5,4
cookie is under the table,മധുരപലഹാരം മേശക്കു കീഴിൽ ഉണ്ട്,5,4
there is no time to lose,നഷ്ടപ്പെടുത്താൻ സമയമില്ല,6,2
i caught three fish yesterday,ഞാൻ ഇന്നലെ മൂന്ന് മത്സ്യങ്ങളെ പിടിച്ചു,5,5
my stomach is full,എന്റെ വയറ് നിറഞ്ഞു,4,3
i want money,എനിക്ക് കാശ് വേണം,3,3
vienna is a beautiful city,വിയന്ന മനോഹരമായ ഒരു നഗരമാണ്,5,4
whenever i call he is out,ഞാനെപ്പോൾ വിളിക്കുമ്പോഴും അവൻ പുറത്തായിരിക്കും,6,4
i'd like to visit england someday,എനിക്ക് എന്നെങ്കിലും ഒരിക്കൽ ഇംഗ്ലണ്ട് സന്ദർശിക്കണമെന്നുണ്ട്,6,5
someday i'd like to go to england,എന്നെങ്കിലും ഒരിക്കൽ എനിക്ക് ഇംഗ്ലണ്ടിൽ പോകണമെന്നുണ്ട്,7,5
for all his wealth and fame he is unhappy,സമ്പത്തും പ്രശസ്തിയും ഉണ്ടായിട്ടും അവൻ ദുഃഖിതനാണ്,9,5
american students are falling behind in math,അമേരിക്കന് വിദ്യാര്ത്ഥികള് കണക്കില് പിന്തള്ളപ്പെട്ടു കൊണ്ടിരിക്കുകയാണ്,7,5
that room is not very large,ആ മുറി അത്ര വലുതല്ല,6,4
who's that girl,ആരാണ് ആ പെൺകുട്ടി,3,3
that car is mine,ആ കാർ എന്റേതാണ്,4,3
do you know what time that accident happened,എത്ര മണിക്കാണ് അപകടം നടന്നതെന്ന് നിനക്കറിയാമോ,8,5
two families live in that house,ആ വീട്ടിൽ രണ്ട് കുടുംബങ്ങൾ താമസിക്കുന്നു,6,5
you are a teacher,നിങ്ങൾ ഒരു അധ്യാപകനാണ്,4,3
did you go to school yesterday,നീ ഇന്നലെ സ്കൂളിൽ പോയോ,6,4
have you ever seen a whale,നിങ്ങള് എപ്പോഴെങ്കിലും ഒരു തിമിംഗലത്തെ കണ്ടിട്ടുണ്ടോ,6,5
when are you going to quit smoking,നീ എപ്പോഴാണ് പുകവലി ഉപേക്ഷിക്കാൻ പോകുന്നത്,7,5
please write about your home,ദയവായി നിങ്ങളുടെ വീടിനെ പറ്റി എഴുതുക,5,5
i will show you some pictures,ഞാൻ നിനക്ക് കുറച്ച് ചിത്രങ്ങൾ കാണിച്ചു തരാം,6,6
i'd like you to translate this book into english,എനിക്ക് ഈ പുസ്തകം ഇംഗ്ലീഷിലേക്ക് തര്ജ്ജമ ചെയ്താല് കൊള്ളാമെന്നുണ്ട്,9,7
you and i are men,നീയും ഞാനും പുരുഷന്മാരാണ്,5,3
give me five days,എനിക്ക് അഞ്ച് ദിവസത്തെ സമയം തരൂ,4,5
it rained five successive days,അഞ്ച് ദിവസം തുടർച്ചയായി മഴ പെയ്തു,5,5
four multiplied by two is eight,നാലിനെ രണ്ട് കൊണ്ട് ഗുണിച്ചാൽ എട്ട് കിട്ടും,6,6
i lost the eyesight in my right eye two years ago,എന്റെ വലതുകണ്ണിലെ കാഴ്ച എനിക്ക് രണ്ടു വർഷം മുമ്പ് നഷ്ടമായി,11,8
nobody can do two things at once,ആര്ക്കും രണ്ടു കാര്യങ്ങള് ഒരേ സമയത്ത് ചെയ്യാന് സാധിക്കുകയില്ല,7,7
the moon is the earth's only satellite,ചന്ദ്രൻ ഭൂമിയുടെ ഏക ഉപഗ്രഹമാണ്,7,4
how do you know that light travels faster than sound,വെളിച്ചം ശബ്ദത്തേക്കാള് വേഗത്തില് യാത്ര ചെയ്യുമെന്ന് നിങ്ങള്ക്കെങ്ങനെ അറിയാം,10,7
who is your favorite player,നിന്റെ പ്രിയപ്പെട്ട കളിക്കാരനാരാണ്,5,3
won't you come to my house next sunday,അടുത്ത ഞായറാഴ്ച നീ എന്റെ വീട്ടിലേക്ക് വരില്ലേ,8,6
i don't feel like studying english today,എനിക്ക് ഇന്ന് ഇംഗ്ലീഷ് പഠിക്കാൻ തോന്നുന്നില്ല,7,5
it may rain tonight,ഇന്ന് രാത്രി മഴ പെയ്തേക്കും,4,4
that will be enough for now,ഇപ്പോഴത്തേക്ക് അതു മതിയാകും,6,3
sugar dissolves in water,പഞ്ചസാര വെള്ളത്തിൽ അലിയുന്നു,4,3
i will do my best,എന്നാല് ചെയ്യാന് കഴിയുന്നതൊക്കെ ഞാന് ചെയ്യും,5,5
we will pay this amount by june ,ഞങ്ങൾ ഈ തുക ജൂൺ മുപ്പതിന് മുമ്പായി അടയ്ക്കാം,8,7
my sister washes her shoes every sunday,എന്റെ സഹോദരി എല്ലാ ഞായറാഴ്ചയും അവളുടെ ചെരിപ്പുകള് കഴുകും,7,7
even a child can understand it,ഒരു കുട്ടിക്ക് പോലും അതു മനസ്സിലാക്കാൻ കഴിയും,6,6
when i arrived at the station the train had already left,ഞാൻ സ്റ്റേഷനിലെത്തിയപ്പോഴേക്കും തീവണ്ടി പുറപ്പെട്ടു കഴിഞ്ഞിരുന്നു,11,5
it began to rain five minutes after i left home,ഞാൻ വീട്ടിൽ നിന്നിറങ്ങിയ ശേഷം അഞ്ച് മിനിട്ടിനുള്ളിൽ മഴ പെയ്യാൻ തുടങ്ങി,10,9
he was absorbed in reading when i visited him,ഞാന് അവനെ സന്ദര്ശിച്ചപ്പോള് അവന് വായനയില് മുഴുകിയിരിക്കുകയായിരുന്നു,9,6
all i want is money,എനിക്കാവശ്യം പണം മാത്രമാണ്,5,3
we stayed there for three months,ഞങ്ങള് അവിടെ മൂന്ന് മാസം താമസിച്ചു,6,5
we will take part in a tennis match,ഞങ്ങൾ ഒരു ടെന്നിസ് മത്സരത്തിൽ പങ്കെടുക്കും,8,5
we were very tired,ഞങ്ങൾ വളരെയധികം ക്ഷീണിച്ചിരുന്നു,4,3
we lived in paris before,ഞങ്ങൾ മുമ്പ് പാരീസിലാണ് ജീവിച്ചിരുന്നത്,5,4
we learned how to read english,ഞങ്ങൾ ഇംഗ്ലീഷ് വായിക്കാൻ പഠിച്ചു,6,4
we live on the earth,നമ്മൾ ഭൂമിയിൽ ജീവിക്കുന്നു,5,3
we go to school to study,ഞങ്ങൾ സ്കൂളിലേക്ക് പഠിക്കാനാണ് പോകുന്നത്,6,4
half of my class like dogs,എന്റെ ക്ലാസിലെ പകുതി പേർക്ക് നായകളെ ഇഷ്ടമാണ്,6,6
where is my car,എന്റെ കാര് എവിടെയാണ്,4,3
my birthday is on march ,എന്റെ ജന്മദിനം മാർച്ച് -നാണ്,6,4
my brother has never climbed mt fuji,എന്റെ സഹോദരൻ ഒരിക്കലും ഫുജി കൊടുമുടി കീഴടക്കിയിട്ടില്ല,7,6
my father is a bank clerk,എന്റെ അച്ഛൻ ഒരു ബാങ്ക് ക്ലാർക്കാണ്,6,5
both my parents are at home now,എന്റെ മാതാപിതാക്കൾ രണ്ടുപേരും ഇപ്പോൾ വീട്ടിലുണ്ട്,7,5
i studied english when i was there,ഞാന് അവിടെയായിരുന്നപ്പോള് ഇംഗ്ലീഷ് പഠിച്ചു,7,4
i came to japan two years ago,ഞാൻ ജപ്പാനിൽ രണ്ട് വർഷം മുമ്പാണ് വന്നത്,7,6
i leave for paris tomorrow,ഞാൻ നാളെ പാരീസിലേക്ക് പുറപ്പെടും,5,4
he wants to go to america,അവന് അമേരിക്കയില് പോകാന് ആഗ്രഹമുണ്ട്,6,4
i've never been to my uncle's house,ഞാൻ ഇതുവരെ എന്റെ അമ്മാവന്റെ വീട്ടിൽ പോയിട്ടില്ല,7,6
i have two cameras,എനിക്ക് രണ്ട് ക്യാമറകളുണ്ട്,4,3
i can't understand the meaning of this word,എനിക്ക് ഈ വാക്കിന്റെ അർത്ഥം മനസ്സിലാകുന്നില്ല,8,5
i bought this book yesterday,ഞാൻ ഈ പുസ്തകം ഇന്നലെയാണ് വാങ്ങിച്ചത്,5,5
i'm a big fan of golf,ഞാൻ ഗോൾഫിന്റെ വലിയ ആരാധകനാണ്,6,4
the shop was closed when i went there,ഞാൻ അവിടെ ചെന്നപ്പോൾ കട അടച്ചിരുന്നു,8,5
i don't know how to spell the word,എനിക്ക് വാക്ക് എങ്ങനെ സ്പെല്ല് ചെയ്യണം എന്ന് അറിയില്ല,8,7
i spent three hours repairing the car,ഞാന് കാര് നന്നാക്കുന്നതിന് വേണ്ടി മൂന്ന് മണിക്കൂര് ചെലവഴിച്ചു,7,7
i was able to solve the problem,എനിക്ക് ആ പ്രശ്നം പരിഹരിക്കാന് സാധിച്ചു,7,5
i am going to play tennis,ഞാൻ ടെന്നിസ് കളിക്കാൻ പോവുകയാണ്,6,4
i like to watch tv,എനിക്ക് ടിവി കാണാൻ ഇഷ്ടമാണ്,5,4
i helped tony,ഞാന് ടോണിയെ സഹായിച്ചു,3,3
i played football,ഞാന് കാല്പ്പന്ത് കളിച്ചു,3,3
i caught the ball with one hand,ഞാൻ ഒരു കൈ കൊണ്ട് പന്ത് പിടിച്ചു,7,6
i was wearing my best clothes,ഞാൻ എന്റെ ഏറ്റവും മികച്ച വസ്ത്രങ്ങളാണ് ധരിച്ചിരുന്നത്,6,6
i recognized him at first glance,ആദ്യനോട്ടത്തിൽ തന്നെ ഞാൻ അവനെ തിരിച്ചറിഞ്ഞു,6,5
i like swimming very much,എനിക്ക് നീന്തൽ വളരെ ഇഷ്ടമാണ്,5,4
i like music very much,എനിക്ക് സംഗീതം വളരെ ഇഷ്ടമാണ്,5,4
i am not frightened of anything,എനിക്ക് ഒന്നിനെപ്പറ്റിയും ഭയമില്ല,6,3
i had a bad dream last night,ഞാൻ ഇന്നലെ രാത്രി ഒരു ദുസ്വപ്നം കണ്ടു,7,6
i don't have any children,എനിക്ക് കുട്ടികളില്ല,5,2
i sometimes cook dinner,ഞാൻ ചിലപ്പോൾ അത്താഴം പാകം ചെയ്യും,4,5
i asked my boss for a pay increase,ഞാൻ എന്റെ മേലധികാരിയോട് ശമ്പളം കൂട്ടി ചോദിച്ചു,8,6
i need to study math,എനിക്ക് കണക്ക് പഠിക്കേണ്ടതായിയുണ്ട്,5,3
i'm not a student,ഞാനൊരു വിദ്യാര്ത്ഥിയല്ല,4,2
i don't know who to ask for advice,ആരോട് ഉപദേശം ചോദിക്കണമെന്ന് എനിക്കറിയില്ല,8,4
i like short poems,എനിക്ക് ചെറിയ കവിതകൾ ഇഷ്ടമാണ്,4,4
i am in the habit of taking some exercise before breakfast,പ്രാതലിനു മുമ്പ് കുറച്ച് വ്യായാമം ചെയ്യുന്നത് എന്റെ ശീലമാണ്,11,7
i listened to the music of birds,ഞാൻ പക്ഷികളുടെ സംഗീതം കേട്ടുകൊണ്ടിരുന്നു,7,4
i bought a book about animals,ഞാൻ മൃഗങ്ങളെ പറ്റിയുള്ള ഒരു പുസ്തകം വാങ്ങിച്ചു,6,6
i am not angry with him because he made a mistake,അവൻ ഒരു തെറ്റു വരുത്തി എന്നു കരുതി എനിക്കവനോടു ദേഷ്യമില്ല,11,8
i challenged him to a game,ഞാൻ അവനെ ഒരു കളിക്കായി വെല്ലുവിളിച്ചു,6,5
i ordered them to leave the room,ഞാൻ അവരോട് മുറി വിട്ട് പോകാൻ കല്പിച്ചു,7,6
i can't make out what she said,അവള് പറഞ്ഞതെന്താണെന്ന് എനിക്ക് മനസ്സിലാക്കാന് സാധിക്കുന്നില്ല,7,5
i wrote down her phone number,ഞാൻ അവളുടെ ഫോൺ നമ്പർ എഴുതിയെടുത്തു,6,5
i get up at six every morning,ഞാൻ എന്നും രാവിലെ ആറ് മണിക്ക് എഴുന്നേൽക്കും,7,6
i got the ticket for free,എനിക്ക് ടികറ്റ് സൗജന്യമായി ലഭിച്ചു,6,4
i want to live,എനിക്ക് ജീവിക്കണം,4,2
i'll come back,ഞാൻ തിരിച്ചുവരും,3,2
i am not used to sitting up late at night,എനിക്ക് രാത്രി വൈകിയിരുന്നു ശീലമില്ല,10,4
i live with my parents,ഞാൻ എന്റെ മാതാപിതാക്കളുടെ കൂടെയാണ് ജീവിക്കുന്നത്,5,5
i also went,ഞാനും പോയി,3,2
we have lived in osaka six years,ഞങ്ങള് ആറ് വര്ഷം ഒസകയില് താമസിച്ചിരുന്നു,7,5
sight is one of the five senses,കാഴ്ച അഞ്ച് ഇന്ദ്രിയങ്ങളിൽ ഒന്നാണ്,7,4
in examinations the foolish ask questions that the wise cannot answer,പരീക്ഷകളില് ബുദ്ധിമാന്മാര്ക്ക് ഉത്തരം ചെയ്യാന് പറ്റാത്ത ചോദ്യങ്ങള് മന്ദബുദ്ധികള് ചോദിക്കുന്നു,11,8
we have enough time,ഞങ്ങൾക്ക് ആവശ്യത്തിന് സമയമുണ്ട്,4,3
the next train will be less crowded than this one,അടുത്ത ട്രെയിനിലെ തിരക്ക് ഇതിനേക്കാൾ കുറവായിരിക്കും,10,5
help me,എന്നെ സഹായിക്കൂ,2,2
be sure to turn off the gas before you go out,പുറത്ത് പോകുന്നതിനു മുമ്പ് ഗ്യാസ് അണച്ചു എന്നുറപ്പ് വരുത്തുക,11,7
i need a new bicycle,എനിക്ക് ഒരു പുതിയ സൈക്കിൾ വേണം,5,5
does mankind have dominion over animals and birds,മനുഷ്യരാശിക്ക് മൃഗങ്ങളുടെയും പക്ഷികളുടെയും മേൽ ആധിപത്യമുണ്ടോ,8,5
it is impossible to live without water,വെള്ളമില്ലാതെ ജീവിക്കുന്നത് അസാധ്യമാണ്,7,3
nothing was to be seen but water,വെള്ളമല്ലാതെ മറ്റൊന്നും കണ്ടില്ല,7,3
how was the math test,കണക്ക് പരീക്ഷ എങ്ങനെയുണ്ടായിരുന്നു,5,3
i do not like mathematics very much,എനിക്ക് കണക്ക് അത്ര ഇഷ്ടമല്ല,7,4
i am leaving town for a few days,ഞാൻ കുറച്ച് ദിവസത്തേക്ക് പട്ടണം വിടുകയാണ്,8,5
the government has been reforming education,സർക്കാർ വിദ്യാഭ്യാസത്തെ പരിഷ്ക്കരിച്ചു കൊണ്ടിരിക്കുകയാണ്,6,4
he must not live,അവൻ ജീവിക്കാൻ പാടില്ല,4,3
the year the war ended i was born,യുദ്ധം തീർന്ന വർഷമാണ് ഞാൻ ജനിച്ചത്,8,5
i remember seeing him before,ഞാന് അവനെ മുമ്പ് കണ്ടതായി ഓര്ക്കുന്നു,5,5
all books may be divided into two classes,എല്ലാ പുസ്തകങ്ങളെയും രണ്ടു വിഭാഗങ്ങളിലായി വേര്തിരിക്കാന് സാധിക്കും,8,6
please open the window,ദയവായി ആ ജനാല തുറക്കൂ,4,4
the prime minister resigned yesterday,പ്രധാന മന്ത്രി ഇന്നലെ രാജിവച്ചു,5,4
what else do you want,വേറെ എന്താണ് നിനക്ക് വേണ്ടത്,5,4
one should not speak ill of others,ആരും മറ്റുള്ളവരെ കുറിച്ച് മോശമായി സംസാരിക്കാൻ പാടില്ല,7,6
the sun is so distant from the earth,സൂര്യന് ഭൂമിയില് നിന്ന് വളരെ ദൂരെയാണ്,8,5
there's no point in waiting,കാത്തിരുന്നിട്ട് കാര്യമില്ല,5,2
who will be elected chairman,ചെയർമാനായി ആരെയാണ് തെരഞ്ഞെടുക്കാൻ പോകുന്നത്,5,4
everyone has their own strong and weak points,എല്ലാവര്ക്കും തങ്ങളുടെതായ ശക്തിയും ദൗര്ബല്യങ്ങളും ഉണ്ട് ,8,6
nobody came to help me,ആരും എന്നെ സഹായിക്കാൻ വന്നില്ല,5,4
the earth is round,ഭൂമി ഉരുണ്ടതാണ്,4,2
the earth is round,ഭൂമി ഉരുണ്ടത്‌ ആണ്,4,3
he was sentenced to three years in jail,അവനെ മൂന്ന് വര്ഷത്തെ തടവിനായി വിധിച്ചു,8,5
the audience applauded him which means his performance was a success,കേള്വിക്കാര് അവനെ കൈകൊട്ടി അഭിനന്ദിച്ചു അതായതു അവന്റെ പ്രകടനം വിജയിച്ചു,11,8
if i had been a bird i could have flown to you,ഞാൻ ഒരു പക്ഷിയായിരുന്നെങ്കിൽ എനിക്ക് നിന്റെ അടുത്തേക്ക് പറന്നു വരാമായിരുന്നു,12,8
the garden was larger than i had expected,ഞാന് പ്രതീക്ഷച്ചതിനേക്കാള് വലുതാണ് ഈ പൂന്തോട്ടം,8,5
don't give up,വിട്ടു കൊടുക്കരുത്,3,2
they'll kill me,അവർ എന്നെ കൊല്ലും,3,3
the price of meat dropped,ഇറച്ചിയുടെ വില കുറഞ്ഞു,5,3
the rainbow has seven colors,മഴവില്ലിന് ഏഴ് നിറങ്ങളുണ്ട്,5,3
remove your shoes in a japanese house,ജാപനീസ് ഗൃഹങ്ങളില് നിങ്ങളുടെ പാദരക്ഷകള് അഴിക്കുക,7,5
can you come on sunday evening,ഞായറാഴ്ച വൈകുന്നേരം നിനക്ക് വരാൻ പറ്റുമോ,6,5
the cat slept on the table,ആ പൂച്ച മേശപ്പുറത്ത് ഉറങ്ങി,6,4
the cat scratched my hand,ആ പൂച്ച എന്റെ കൈയിൽ മാന്തി,5,5
not being tall is not a serious disadvantage in life,പൊക്കമില്ലായ്മ ജീവിതത്തില് അത്ര വലിയ പോരായ്മയല്ല,10,5
he and i are teachers,അവനും ഞാനും അദ്ധ്യാപകരാണ്,5,3
i remember having seen him somewhere before,ഞാൻ അവനെ മുമ്പെവിടെയോ കണ്ടതായി ഓർക്കുന്നു,7,5
the content of his speech was very good,അവന്റെ പ്രസംഗത്തിന്റെ ഉള്ളടക്കം വളരെ നല്ലതായിരുന്നു,8,5
i have no money in my pocket,എന്റെ കീശയിൽ കാശില്ല,7,3
his opinion is right to some extent,അവന്റെ അഭിപ്രായം ഒരു പരിധി വരെ ശരിയാണ്,7,6
i am concerned about his health,എനിക്ക് അവന്റെ ആരോഗ്യത്തെപ്പറ്റി ആശങ്കയുണ്ട്,6,4
his brother is always watching tv,അവന്റെ സഹോദരൻ എപ്പോഴും ടിവി കണ്ടുകൊണ്ടിരിക്കും,6,5
his horse jumped over the fence,അവന്റെ കുതിര വേലിക്ക് മുകളിലൂടെ ചാടി,6,5
he is twice as old as i,അവന് എന്റെ ഇരട്ടി പ്രായമുണ്ട്,7,4
he came home three hours later,അവൻ മൂന്ന് മണിക്കൂർ കഴിഞ്ഞ് വീട്ടിൽ തിരിച്ചെത്തി,6,6
his mother said that he had been ill in bed for five weeks,അഞ്ചാഴ്ചയായി അവൻ അസുഖം ബാധിച്ച് കിടക്കയിലായിരുന്നുവെന്ന് അവന്റെ അമ്മ പറഞ്ഞു,13,8
he was born in africa,അവൻ ആഫ്രിക്കയിലാണ് ജനിച്ചത്,5,3
he will return to japan some day,അവൻ ജപ്പാനിലേക്ക് എന്നെങ്കിലും ഒരിക്കൽ തിരിച്ചു പോകും,7,6
he is always studying,അവൻ എപ്പോഴും പഠിച്ചു കൊണ്ടിരിക്കും,4,4
he asked for money,അവൻ പണത്തിനായി ആവശ്യപ്പെട്ടു,4,3
he's a student at this college,അവൻ ഈ കലാലയത്തിലെ വിദ്യാർത്ഥിയാണ്,6,4
he doesn't know how to play golf,അവന് ഗോൾഫ് എങ്ങനെയാണ് കളിക്കുന്നതെന്ന് അറിയില്ല,7,5
he began to feel afraid,അവൻ ഭയപ്പെടാൻ തുടങ്ങി,5,3
did he go there,അവൻ അവിടെ പോയോ,4,3
he did the crossword with ease,അവൻ വളരെ എളുപ്പത്തിൽ പദപ്രശ്നം പൂരിപ്പിച്ചു,6,5
he's nothing,അവൻ ഒന്നുമല്ല,2,2
he's much younger than tom,അവൻ ടോമിനേക്കാൾ വളരെ ചെറുപ്പമാണ്,5,4
he comes here once a month,അവൻ ഇവിടെ മാസത്തിലൊരിക്കൽ വരും,6,4
he decided to go to france,അവൻ ഫ്രാൻസിലേക്ക് പോകാൻ തീരുമാനിച്ചു,6,4
he will come back in another two weeks,അവന് രണ്ടാഴ്ചയ്ക്കുള്ളില് തിരിച്ചു വരും,8,4
as he often tells lies nobody believes him,അവൻ എപ്പോഴും കള്ളം പറയുന്നത് കൊണ്ട് ആരും അവനെ വിശ്വസിക്കാറില്ല,8,8
he is worthy to be captain of our team,അവൻ നമ്മുടെ ടീമിന്റെ നായകനാകാൻ യോഗ്യനാണ്,9,5
he dedicated his life to medical work,അവൻ വൈദ്യശാസ്ത്രത്തിനുവേണ്ടി അവന്റെ ജീവിതം സമർപ്പിച്ചു,7,5
he can swim,അവന് നീന്താൻ കഴിയും,3,3
he cannot write english without making mistakes,അവന് തെറ്റ് വരുത്താതെ ഇംഗ്ലീഷ് എഴുതാൻ സാധിക്കില്ല,7,6
he lives in that yellow house,അവൻ ആ മഞ്ഞ വീട്ടിലാണ് താമസിക്കുന്നത്,6,5
he ran into the classroom,അവൻ ക്ലാസ് മുറിയിലേക്ക് ഓടി,5,4
he is no stranger to me,അവൻ എനിക്കൊരു അപരിചതനല്ല,6,3
he's writing a book now,അവൻ ഇപ്പോൾ ഒരു പുസ്തകം എഴുതുകയാണ്,5,5
he caught the ball with his left hand,അവന്റെ ഇടതുകൈ കൊണ്ട് അവൻ പന്ത് പിടിച്ചു,8,6
he sent me a present,അവനെനിക്കൊരു സമ്മാനം അയച്ചു തന്നു,5,4
he gave a nice present to me,അവൻ എനിക്ക് ഒരു നല്ല സമ്മാനം തന്നു,7,6
he was hurt in a car accident,അവന് ഒരു കാർ അപകടത്തിൽ പരിക്കേറ്റു,7,5
he is confident of his ability,അവന് അവന്റെ കഴിവിൽ ആത്മവിശ്വാസമുണ്ട്,6,4
he wants a new car,അവനൊരു പുതിയ കാർ വേണം,5,4
he told the truth,അവൻ സത്യം പറഞ്ഞു,4,3
he got good marks in math,അവന് കണക്കിൽ നല്ല മാർക്ക് കിട്ടി,6,5
it is said that he has a lot of old coins,അവന്റെ കൈയ്യിൽ വളരെയധികം പഴയ നാണയങ്ങൾ ഉള്ളതായി പറയപ്പെടുന്നു,11,7
he heard the noise,അവന് ആ ശബ്ദം കേട്ടു,4,4
he had come back from china,അവൻ ചൈനയിൽ നിന്നു തിരിച്ചുവന്നിരുന്നു,6,4
he began to eat lunch,അവന് ഊണ് കഴിക്കാന് തുടങ്ങി,5,4
he fell off the horse,അവൻ കുതിരപ്പുറത്ത് നിന്ന് താഴെ വീണു,5,5
he asked her where she lived,അവൻ അവൾ എവിടെയാണ് താമസിക്കുന്നത് എന്നു ചോദിച്ചു,6,6
he stared her in the face,അവന് അവളുടെ മുഖത്തേക്ക് തുറിച്ച് നോക്കി,6,5
he followed in his father's footsteps,അവൻ അവന്റെ അച്ഛന്റെ കാൽപ്പാടുകൾ പിന്തുടർന്നു,6,5
he looked at her angrily,അവൻ അവളെ ദേഷ്യത്തോടെ നോക്കി,5,4
he is a nice person,അവൻ ഒരു നല്ല മനുഷ്യനാണ്,5,4
he does not come here every day,അവന് എല്ലാദിവസവും ഇവിടെ വരാറില്ല,7,4
he likes baseball very much,അവന് ബേസ്ബോൾ വളരെയധികം ഇഷ്ടമാണ്,5,4
they had a baby last week,കഴിഞ്ഞയാഴ്ച അവര്ക്കൊരു കുട്ടിയുണ്ടായി,6,3
they did not give up hope,അവര് പ്രതീക്ഷ കൈവിട്ടില്ല,6,3
they are willing to do it for you,അവർ നിനക്ക് വേണ്ടി അത് ചെയ്യാൻ തയ്യാറാണ്,8,6
they won't allow us to enter the garden,പൂന്തോട്ടത്തിൽ പ്രവേശിക്കാൻ അവർ നമ്മളെ അനുവദിക്കില്ല,8,5
they are looking for a house to live in,അവർ താമസിക്കാനായി ഒരു വീടു നോക്കിക്കൊണ്ടിരിക്കുകയാണ്,9,5
they laughed and cried at the same time,അവർ ഒരേ സമയം ചിരിക്കുകയും കരയുകയും ചെയ്തു,8,6
as soon as i saw him i burst into laughter,അവനെ കണ്ടപ്പോൾ തന്നെ ഞാൻ പൊട്ടിച്ചിരിക്കാൻ തുടങ്ങി,10,6
we found it impossible to persuade him,അവനെ സ്വാധീനിക്കുക എന്നുള്ളത് അസാധ്യമാണെന്ന് ഞങ്ങൾ കണ്ടെത്തി,7,6
we heard her cry,ഞങ്ങള് അവള് കരയുന്നത് കേട്ടു,4,4
she has been dead for ten years,അവൾ മരിച്ചിട്ട് പത്ത് വർഷങ്ങൾ ആയി,7,5
it is doubtful whether she will come on time,അവൾ സമയത്ത് വരുമോ എന്നുള്ളത് സംശയമാണ്,9,5
her words made me mad,അവളുടെ വാക്കുകൾ എന്നെ ഭ്രാന്തനാക്കി,5,4
the students around her were talking about the test,അവളുടെ ചുറ്റുമുള്ള വിദ്യാർത്ഥികൾ പരീക്ഷയെ പറ്റി സംസാരിക്കുകയായിരുന്നു,9,6
her hair is long,അവളുടെ മുടി നീണ്ടതാണ്,4,3
try to see the problem from her point of view,അവളുടെ കാഴ്ചപ്പാടിൽ നിന്ന് ആ പ്രശ്നത്തെ കാണാൻ ശ്രമിക്കൂ,10,7
she taught music for thirty years,അവള് മുപ്പതു വര്ഷം സംഗീതം പഠിപ്പിച്ചു,6,5
she went from one shop to another,അവൾ ഒരു കടയിൽ നിന്ന് മറ്റൊന്നിലേക്ക് പോയി,7,6
she stirred the soup with a spoon,അവൾ സ്പൂൺ കൊണ്ട് സൂപ്പ് ഇളക്കി,7,5
she was very surprised at the sight,അവൾ ആ കാഴ്ച കണ്ട് വളരെയധികം അത്ഭുതപ്പെട്ടു,7,6
she stopped smoking,അവൾ പുകവലി നിർത്തി,3,3
do you know what color she likes,അവൾക്കേതു നിറമാണ് ഇഷ്ടമുള്ളതെന്ന് നിനക്ക് അറിയാമോ,7,5
she played on the violin,അവൾ വയലിൻ വായിച്ചു,5,3
she can't ride a bicycle yet,അവൾക്കിതു വരെ ഒരു സൈക്കിൾ ഓടിക്കാൻ അറിയില്ല,6,6
she talks as if she knew everything,അവൾക്കെല്ലാം അറിയാം എന്നപ്പോലെയാണ് അവൾ സംസാരിക്കുന്നത്,7,5
she married a rich merchant,അവൾ ഒരു ധനികനായ വ്യാപാരിയെ വിവാഹം ചെയ്തു,5,6
she decided not to go,അവൾ പോകുന്നില്ല എന്ന് തീരുമാനിച്ചു,5,4
she left home just now,അവൾ ഇപ്പോൾ വീട്ടിൽ നിന്ന് പുറപ്പെട്ടതേ ഉള്ളൂ,5,6
she celebrated her fifteenth birthday yesterday,അവൾ അവളുടെ പതിനഞ്ചാം പിറന്നാൾ ഇന്നലെ ആഘോഷിച്ചു,6,6
she is my elder sister,അവൾ എന്റെ മൂത്ത സഹോദരിയാണ്,5,4
she will be famous in the future,അവള് ഭാവിയില് പ്രശസ്തയാകും,7,3
she has a small black dog,അവള്ക്കൊരു ചെറിയ കറുത്ത പട്ടിയുണ്ട്,6,4
she traveled all over the world,അവള് ലോകമെമ്പാടും സഞ്ചരിച്ചു,6,3
she is ignorant of the world,അവള്ക്ക് ലോകവിവരം ഇല്ലായിരുന്നു,6,3
she gets up early every morning,അവൾ എന്നും രാവിലെ നേരത്തെ എഴുന്നേൽക്കും,6,5
she has attractive eyes,അവൾക്ക് ആകർഷണീയമായ കണ്ണുകളുണ്ട്,4,3
she cooks well,അവള് നന്നായി പാചകം ചെയ്യും,3,4
she got a slight burn on her hand while cooking,പാചകത്തിനിടെ അവളുടെ കൈയ്ക്ക് ചെറുതായി പൊള്ളലേറ്റു,10,5
she tried not to shed tears,അവൾ കരയാതിരിക്കാൻ ശ്രമിച്ചു,6,3
they gave him a chance to escape,അവർ അവന് രക്ഷപ്പെടാൻ ഒരവസരം കൊടുത്തു,7,5
mahatma gandhi the apostle of nonviolence was born in ,അഹിംസയുടെ അപ്പസ്തോലനായ മഹാത്മ ഗാന്ധി -ലാണ് ജനിച്ചത്,10,6
i can't sleep at night,എനിക്ക് രാത്രി ഉറങ്ങാൻ കഴിയുന്നില്ല,5,4
there is a time for all things,എല്ലാത്തിനും അതിന്റേതായ സമയമുണ്ട്,7,3
mother has made me what i am,അമ്മയാണ് എന്നെ ഞാനാക്കിയത്,7,3
don't forget to call me,എന്നെ വിളിക്കാൻ മറക്കരുത്,5,3
leave it to me,അതെനിക്ക് വിട്ടു തരിക,4,3
i brush my teeth twice a day,ഞാൻ ഒരു ദിവസത്തിൽ രണ്ടു തവണ പല്ല് തേയ്ക്കും,7,7
i can't trust in his word,എനിക്ക് അവന്റെ വാക്ക് വിശ്വസിക്കാൻ കഴിയില്ല,6,5
he doesn't like us,അവന് ഞങ്ങളെ ഇഷ്ടമല്ല,4,3
it will be raining at this time tomorrow,നാളെ ഇതേ സമയത്ത് മഴ പെയ്യുകയായിരിക്കും,8,5
i don't think it'll rain tomorrow,നാളെ മഴ പെയ്യുമെന്ന് എനിക്ക് തോന്നുന്നില്ല,6,5
come again tomorrow,നാളെ വീണ്ടും വരൂ,3,3
tomorrow we will encounter the enemy,നാളെ നമ്മള് ശത്രുക്കളുമായി ഏറ്റുമുട്ടും,6,4
come and see me tomorrow,എന്നെ നാളെ വന്നു കാണൂ,5,4
i'm awake,ഞാൻ ഉണർന്നിരിക്കുകയാണ്,2,2
the eye is the mirror of the soul,കണ്ണ് ആത്മാവിന്റെ കണ്ണാടിയാണ്,8,3
wild animals live in the forest,വന്യ മൃഗങ്ങള് കാട്ടിലാണ് ജീവിക്കുന്നത്,6,4
my friend got good marks in the english examination,എന്റെ സുഹൃത്തിന് ഇംഗ്ലീഷ് പരീക്ഷയിൽ നല്ല മാർക്ക് കിട്ടി,9,7
taxi fares will go up next month,ടാക്സി വാടക അടുത്ത മാസം കൂടും,7,5
she is an expert when it comes to cooking,അവൾ ഒരു പാചക വിദഗ്ധയാണ്,9,4
i don't know how to cook,എനിക്ക് പാചകം ചെയ്യാന് അറിയില്ല,6,4
please raise your hand before you speak,ദയവായി നിങ്ങള് സംസാരിക്കുന്നതിന് മുമ്പ് നിങ്ങളുടെ കൈ ഉയര്ത്തുക,7,7
everyone makes mistakes,എല്ലാവർക്കും തെറ്റുപറ്റും,3,2
don't challenge someone who has nothing to lose,ഒന്നും നഷ്ടപ്പെടാനില്ലാത്തവെ വെല്ലുവിളിക്കരുത്,8,3
i have been to rome,ഞാന് റോമില് പോയിട്ടുണ്ട്,5,3
please wrap it like a christmas present,ദയവായി ഇതൊരു ക്രിസ്മസ് സമ്മാനം പോലെ പൊതിയൂ,7,6
how do you say this word,ഈ വാക്ക് എങ്ങനെയാണ് ഉച്ചരിക്കുന്നത്,6,4
this is a wooden table,ഇതൊരു തടിമേശയാണ്,5,2
it rained as soon as he got home,അവന് വീട്ടില് എത്തിച്ചേര്ന്നയുടന് മഴ പെയ്യാന് തുടങ്ങി,8,6
this is not cool,ഇത് തണുത്തതല്ല,4,2
i didn't know that he was there,അവൻ അവിടെയുണ്ടായിരുന്നുവെന്ന് എനിക്കറിയില്ലായിരുന്നു,7,3
what did you do yesterday evening,നീ ഇന്നലെ വൈകുന്നേരം എന്താണ് ചെയ്തത്,6,5
we expect a lot from him,ഞങ്ങൾ അവനിൽ നിന്നും ഏറെ പ്രതീക്ഷിക്കുന്നു,6,5
no one is working everyone's watching the world cup,ആരും ജോലി ചെയ്യുന്നില്ല എല്ലാവരും ലോകകപ്പ് കാണുകയാണ്,9,6
did you find the difference between these two photos,ഈ രണ്ട് ചിത്രങ്ങൾ തമ്മിലുള്ള വ്യത്യാസം നീ കണ്ടുപിടിച്ചോ,9,7
she is beautiful,അവൾ സുന്ദരിയാണ്‌,3,2
i like you,എനിക്ക് നിന്നെ ഇഷ്ടമാണ്,3,3
i'm a new student,ഞാന് ഒരു പുതിയ വിദ്യാര്ഥി ആണ്,4,5
will you come back tomorrow,നീ നാളെ തിരിച്ചു വരുമോ,5,4
i understand,ഞാൻ മനസ്സിലാക്കുന്നു,2,2
don't touch it,അത് തൊടരുത്,3,2
come along with us,ഞങ്ങളുടെ കൂടെ വരൂ,4,3
come with us,ഞങ്ങളുടെ കൂടെ വരൂ,3,3
i'm really tired,ഞാന് ശരിക്കും തളര്ന്നു,3,3
do you like snow,നിനക്ക് മഞ്ഞ് ഇഷ്ടമാണോ,4,3
he sells fruit,അവന് ഫലങ്ങള് വില്ക്കുന്നു,3,3
he weighs  kilos,അവന് എഴുപത് കിലോ ഭാരമുണ്ട്,4,4
i hate coffee,എനിക്ക് കാപ്പി ഇഷ്ടമല്ല,3,3
how many guests are there,എത്ര അതിഥികളുണ്ട്,5,2
i am from egypt,ഞാൻ ഈജിപ്തിൽ നിന്നാണ്,4,3
i am sure,എനിക്ക് ഉറപ്പാണ്,3,2
i forgot,ഞാന് മറന്നു,2,2
i have a wooden table,എനിക്കൊരു തടിമേശയുണ്ട്,5,2
i'll kill you,ഞാൻ നിന്നെ കൊല്ലും,3,3
i need a hammer,എനിക്കൊരു ചുറ്റിക വേണം,4,3
i teach english,ഞാൻ ഇംഗ്ലീഷ് പഠിപ്പിക്കുന്നു,3,3
please open the bottle,ദയവായി ഈ കുപ്പി തുറക്കുക,4,4
we don't have time,നമുക്ക് സമയമില്ല,4,2
my favourite sport is football,കാൽപ്പന്താണ് എനിക്ക് എറ്റവും ഇഷ്ടമുള്ള കളി,5,5
what should i do,ഞാൻ എന്താണ് ചെയ്യേണ്ടത്,4,3
no one lives in this building,ഈ കെട്ടിടത്തില് ആരും താമസിക്കുന്നില്ല,6,4
he wrote one letter,അവൻ ഒരു കത്തെഴുതി,4,3
fish can't live out of water,മത്സ്യങ്ങൾക്ക് വെള്ളത്തിന് പുറത്ത് ജീവിക്കാൻ സാധിക്കില്ല,6,5
i don't have money but i have dreams,എനിക്ക് പണമില്ല പക്ഷേ എനിക്ക് സ്വപ്നങ്ങളുണ്ട്,8,5
i have two brothers and a sister,എനിക്ക് രണ്ട് സഹോദരന്മാരും ഒരു സഹോദരിയും ഉണ്ട്,7,6
i lost my key,എനിക്ക് എന്റെ താക്കോൽ നഷ്ടപ്പെട്ടു,4,4
the main streets are very wide,പ്രധാന വീഥികളെല്ലാം വളരെ വലുതാണ്,6,4
this chair is too small,ഈ കസേര വളരെ ചെറുതാണ്,5,4
unfortunately i cannot help them,ദൗര്ഭാഗ്യവശാല് എനിക്കവരെ സഹായിക്കാന് കഴിയില്ല,5,4
we had to shut the window because of the mosquitoes,കൊതുകുകൾ കാരണം ഞങ്ങൾക്ക് ജനാല അടയ്ക്കേണ്ടി വന്നു,10,6
weather changes often,കാലാവസ്ഥ എപ്പോഴും മാറിക്കൊണ്ടിരിക്കും,3,3
what do you like to do,നിനക്ക് എന്തു ചെയ്യാനാണ് ഇഷ്ടം,6,4
what he did wasn't wrong,അവൻ ചെയ്തത് എന്താണോ അത് തെറ്റല്ല,5,5
my son is taller than i am,എന്റെ മകന് എന്നേക്കാള് ഉയരമുണ്ട്,7,4
he came back home three days later,അവന് മൂന്ന് ദിവസം കഴിഞ്ഞ് വീട്ടില് തിരിച്ചെത്തി,7,6
there are many fish in this lake,ഈ കായലിൽ വളരെയധികം മത്സ്യങ്ങളുണ്ട്,7,4
as far as i know he's an honest man,എന്റെ അറിവില് അവനൊരു സത്യസന്ധനമാണ്,9,4
will it rain tomorrow,നാളെ മഴ പെയ്യുമോ,4,3
don't make noise,ശബ്ദമുണ്ടാക്കരുത്,3,1
he closed the door,അവൻ വാതിൽ അടച്ചു,4,3
today is independence day,ഇന്ന് സ്വാതന്ത്ര്യദിനമാണ്,4,2
she likes these cats,അവൾക്ക് ഈ പൂച്ചകളെ ഇഷ്ടമാണ്,4,4
she thought that i was a doctor,ഞാൻ ഒരു ഡോക്ടറാണെന്ന് അവൾ വിചാരിച്ചിരുന്നു,7,5
it's been a long time since i visited my grandmother,ഞാന് എന്റെ അമ്മൂമ്മയെ സന്ദര്ശിച്ചിട്ട് കുറെ നാളായി,10,6
i don't believe in god,ഞാന് ദൈവത്തില് വിശ്വസിക്കുന്നില്ല,5,3
there are forty students in our class,ഞങ്ങളുടെ ക്ലാസ്സിൽ നാൽപ്പത് വിദ്യാർത്ഥികളുണ്ട്,7,4
what year were you born,നിങ്ങള് ഏതു വര്ഷമാണ് ജനിച്ചത്,5,4
what year were you born,നിങ്ങള് ഏതു വര്ഷം ആണ് ജനിച്ചത്‌ ,5,6
today is monday,ഇന്ന് തിങ്കളാഴ്ചയാണ്,3,2
it's difficult to answer this question,ഈ ചോദ്യത്തിന് ഉത്തരം പറയാൻ ബുദ്ധിമുട്ടാണ്,6,5
don't enter the room without permission,അനുവാദമില്ലാതെ മുറിയിൽ പ്രവേശിക്കരുത്,6,3
he weighs ten more kilos than me,അവന് എന്നേക്കാൾ പത്തു കിലോ കൂടുതലാണ്,7,5
he can run faster than me,അവന് എന്നേക്കാൾ വേഗത്തിൽ ഓടാൻ കഴിയും,6,5
i won't smoke from today on,ഞാൻ ഇന്ന് മുതൽ പുകവലിക്കില്ല,6,4
alan is a poet,അലൻ ഒരു കവിയാണ്,4,3
i'm with you,ഞാൻ നിന്റെ കൂടെയുണ്ട്,3,3
i visited him on sunday morning,ഞാൻ ഞായറാഴ്ച രാവിലെ അവനെ സന്ദർശിച്ചു,6,5
he must have left,അവൻ പോയി കാണും,4,3
which came first the chicken or the egg,ഏതാണ് ആദ്യം വന്നത് കോഴിയോ അതോ മുട്ടയോ,8,6
i thought that he would come,ഞാന് അവന് വരുമെന്ന് വിചാരിച്ചു,6,4
you must read this book,നിങ്ങള് ഈ പുസ്തകം വായിക്കണം,5,4
i gave her her dictionary back,ഞാൻ അവളുടെ നിഘണ്ടു അവൾക്ക് തിരിച്ചു കൊടുത്തു,6,6
please tell us about your family,ദയവായി നിങ്ങളുടെ കുടുംബത്തെ പറ്റി ഞങ്ങളോട് പറയൂ,6,6
suddenly he saw me,പെട്ടെന്ന് അവന് എന്നെ കണ്ടു,4,4
she likes ice cream,അവള്ക്ക് ഐസ് ക്രീം ഇഷ്ടമാണ്,4,4
yesterday i bought a dog sadly my aunt cooked it for dinner,ഇന്നലെ ഞാനൊരു നായയെ വാങ്ങിച്ചു ദൗര്ഭാഗ്യവശാല് എന്റെ മാമി അതിനെ അത്താഴത്തിന് പാചകം ചെയ്തു,12,11
what do you see in the picture,നീ ആ ചിത്രത്തില് എന്താണ് കാണുന്നത്,7,5
a man has ten fingers,ഒരു മനുഷ്യന് പത്ത് വിരലുകളുണ്ട്,5,4
there are twenty-four hours in a day,ഒരു ദിവസത്തില് ഇരുപത്തി നാല് മണിക്കൂര് ഉണ്ട്,7,6
she might come tomorrow,അവൾ നാളെ വന്നേക്കും,4,3
i work in a bank,ഞാൻ ഒരു ബാങ്കിൽ ജോലി ചെയ്യുന്നു,5,5
i sent it to you two days ago,ഞാൻ രണ്ട് ദിവസം മുമ്പ് അത് നിനക്ക് അയച്ചു,8,7
the sky was dark,ആകാശം ഇരുണ്ടിരുന്നു,4,2
the distance from my home to yours is two kilometers,എന്റെ വീട്ടിൽ നിന്നും നിന്റെ വീട് വരെ രണ്ട് കിലോമീറ്റർ ദൂരമുണ്ട്,10,9
my throat is dry,എന്റെ തൊണ്ട വരണ്ടിക്കുകയാണ്,4,3
i have no wish to live in a large city,ഒരു വലിയ നഗരത്തിൽ ജീവിക്കാൻ എനിക്ക് ഒരാഗ്രഹവുമില്ല,10,6
the pyramids of egypt are one of the seven wonders of the world,ഈജിപ്തിലെ പിരമിഡുകൾ ലോകത്തിലെ ഏഴ് അത്ഭുതങ്ങളിൽ ഒന്നാണ്,13,6
her beauty attracted everyone in the room,അവളുടെ സൗന്ദര്യം മുറിയിലുണ്ടായിരുന്ന എല്ലാവരെയും ആകർഷിച്ചു,7,5
someone stole my bag,ആരോ എന്റെ ബാഗ് മോഷ്ടിച്ചു,4,4
she'll be seventeen in february,അവൾക്ക് ഫെബ്രുവരിയിൽ പതിനേഴ് തികയും,5,4
she left without saying even a single word,ഒരു വാക്ക് പോലും മിണ്ടാതെ അവൾ പോയി,8,6
this novel is very difficult to understand,ഈ നോവൽ മനസ്സിലാക്കാൻ വളരെ പ്രയാസമാണ്,7,5
david can't be at home,ഡേവിഡ് വീട്ടിൽ കാണാൻ വഴിയില്ല,5,4
people love dogs,ആൾക്കാർക്ക് നായകളെ ഇഷ്ടമാണ്,3,3
he asked my mother,അവൻ എന്റെ അമ്മയോടു ചോദിച്ചു,4,4
this dictionary isn't mine,ഈ നിഘണ്ടു എന്റേതല്ല,4,3
is that a red pen,അതൊരു ചുവന്ന പേനയാണോ,5,3
i'm against the war,ഞാൻ യുദ്ധത്തിനെതിരെയാണ്,4,2
a policeman asked the girls if the car was theirs,കാര് അവരുടേതാണോ എന്ന് ഒരു പോലീസുകാരന് പെണ്കുട്ടികളോട് ചോദിച്ചു,10,7
i'm not an american,ഞാൻ ഒരു അമേരിക്കക്കാരനല്ല,4,3
where is your brother,നിന്റെ സഹോദരനെവിടെയാണ്,4,2
her father died,അവളുടെ അച്ഛൻ മരിച്ചു,3,3
she scolded him,അവൾ അവനെ ശാസിച്ചു,3,3
what's your favorite domestic beer,എന്താണ് നിങ്ങളുടെ ഇഷ്ടപ്പെട്ട നാടന് ബിയര്,5,5
everything flows nothing stands still,എല്ലാം ഒഴുകുന്നു ഒന്നും നിശ്ചലമായി നില്ക്കുന്നില്ല,5,5
next thursday is a holiday,അടുത്ത വ്യാഴാഴ്ച ഒരു അവധിദിവസമാണ്,5,4
the doctor will be here in a minute,ഒരു മിനുട്ടിനകം ഡോക്ടർ ഇവിടെ എത്തും,8,5
this dog is mine,ഇതെന്റെ നായയാണ്,4,2
tom doesn't eat meat or eggs,ടോം മാംസവും മുട്ടയും കഴിക്കാറില്ല,6,4
tom asked mary if she wanted something to drink,എന്തെങ്കിലും കുടിക്കാൻ വേണമോ എന്ന് ടോം മേരിയോട് ചോദിച്ചു,9,7
tom went straight to bed,ടോം നേരെ ഉറങ്ങാൻ പോയി,5,4
tom didn't need any help,ടോമിന് ഒരു സഹായവും ആവശ്യമില്ലായിരുന്നു,5,4
well done you have drawn this picture nicely,കൊള്ളാം നിങ്ങൾ ഈ ചിത്രം നന്നായി വരച്ചിട്ടുണ്ട്,8,6
it's the voice of an old woman,അതൊരു വയസ്സായ സ്ത്രീയുടെ ശബ്ദമാണ്,7,4
my monthly salary is  yen,മൂന്ന് ലക്ഷം യെൻ ആണ് എന്റെ പ്രതിമാസ ശമ്പളം,6,7
get out of my house,എന്റെ വീട്ടിൽ നിന്ന് ഇറങ്ങിപ്പോകൂ,5,4
we can forgive but forgetting it's impossible,നമുക്ക് ക്ഷമിക്കാനാകും പക്ഷേ മറക്കാൻ അസാധ്യമാണ്,7,5
i'm already done,ഞാന് ചെയ്തു കഴിഞ്ഞിരിക്കുന്നു,3,3
don't misunderstand my words,എന്റെ വാക്കുകൾ തെറ്റിദ്ധരിക്കരുത്,4,3
the number of students is dropping,കുട്ടികളുടെ എണ്ണം കുറഞ്ഞുവരികയാണ്,6,3
of course it's her,നിങ്ങൾ ബാങ്ക് കൊള്ളയടിക്കുമ്പോൾ നിങ്ങൾ ജയിലിൽ അടയ്ക്കപ്പെടുന്നു ഒരു ബാങ്ക് നിങ്ങളെ കൊള്ളയടിക്കുമ്പോൾ അവർ ലാഭവിഹിതങ്ങൾ വിതരണം ചെയ്യുന്നു,4,14
of course it's her,തീര്ച്ചയായും അത് അവൾ തന്നെ ആണ്,4,5
i hate tom,ഞാന് ടോമിനെ വെറുക്കുന്നു,3,3
measure twice cut once,രണ്ടു തവണ അളക്കൂ ഒരു തവണ മുറിക്കൂ,4,6
do you know anything about tom's family,ടോമിന്റെ കുടുംബത്തെപ്പറ്റി നിനക്കെന്തെങ്കിലും അറിയാമോ,7,4
accidents happen,അപകടങ്ങൾ സംഭവിക്കുന്നു,2,2
it's the biggest house in the neighborhood,ഈ അയൽപ്പക്കത്തെ ഏറ്റവും വലിയ വീടാണത്,7,5
count to one hundred,നൂറ് വരെ എണ്ണൂ,4,3
my clothes are there,എന്റെ വസ്ത്രങ്ങൾ അവിടെയാണ്,4,3
nobody tells me anything,ആരും എന്നോടൊന്നും പറയാറില്ല,4,3
it's a hindi movie,അതൊരു ഹിന്ദി ചലച്ചിത്രമാണ്,4,3
let us try to swim against the current,നമുക്ക് ഒഴുക്കിനെതിരായി നീന്താന് ശ്രമിക്കാം,8,4
is it true that you were in madrid then,അപ്പോൾ നിങ്ങൾ മാഡ്രിഡിൽ ആയിരുന്നു എന്നത് ശരിയാണോ,9,6
tell her that i am hungry,എനിക്ക് വിശക്കുന്നു എന്ന് അവളോട്‌ പറയു,6,5
he asked me to dance,അവൻ എന്നോട് നൃത്തം ചെയ്യാൻ ആവശ്യപ്പെട്ടു,5,5
when you rob a bank you go to jail when a bank robs you they hand out bonuses,നിങ്ങൾ ബാങ്ക് കൊള്ളയടിക്കുമ്പോൾ നിങ്ങൾ ജയിലിൽ അടയ്ക്കപ്പെടുന്നു ഒരു ബാങ്ക് നിങ്ങളെ കൊള്ളയടിക്കുമ്പോൾ അവർ ലാഭവിഹിതങ്ങൾ വിതരണം ചെയ്യുന്നു,18,14
i agreed to write that letter,ഞാന് ആ കത്ത് എഴുതാം എന്ന് സമ്മതിച്ചു,6,6
what does tom mean,ടോം അര്ത്ഥമാക്കിയത് എന്താണ്,4,3
he's greedy and ruthless,അവന് അത്യാഗ്രഹിയും ദയാരഹിതനും ആണ്,4,4
you're smarter than tom is,നിങ്ങൾ ടോമിനെക്കാൾ സമർത്ഥനാണ്,5,3
i can't read this,എനിക്ക് ഇത് വായിക്കാൻ കഴിയുന്നില്ല,4,4
i want to be back in boston,എനിക്ക് ബോസ്ടനിലേക്ക് തിരിച്ചു വരണം,7,4
it would be cool if i could speak three languages,എനിക്ക് മൂന്നു ഭാഷകള് സംസാരിക്കാന് കഴിഞ്ഞിരുന്നെങ്ങില് നന്നായിരുന്നു,10,6
trust no one,ആരെയും വിശ്വസിക്കരുത്,3,2
tom giggled,ടോം ചിരിച്ചു,2,2
who are you trying to convince,ആരെ ആണ് നിങ്ങള് വിശ്വസിപ്പിക്കാന് ശ്രമിക്കുന്നത് ,6,6
i think we should talk,നമ്മള് തമ്മില് സംസാരിക്കണം എന്ന് ഞാന് വിചാരിക്കുന്നു,5,6
i love a woman,എനിക്ക് സ്ത്രീകളെ ഇഷ്ടമാണ് ,4,4
i don't know what i want right now,ഇപ്പോള് എനിക്ക് എന്ത് വേണമെന്ന് എനിക്കറിയില്ല,8,5
i didn't want to leave before the work was completed,ജോലി കഴിയുന്നതിനു മുന്പേ എനിക്ക് പോകണമെന്നില്ല,10,5
i should have come if it hadn't rained,മഴ പെയ്തില്ലായിരുന്നെങ്കില് ഞാന് വന്നേനെ,8,4
i came at about six,ഞാന് ആറു മണിയോട് അടുപ്പിച്ചു വന്നു,5,5
questions never hurt anyone,ചോദ്യങ്ങള് ഇതുവരെ ആരെയും വേദനിപ്പിച്ചിട്ടില്ല,4,4
this is finland's biggest power station of all,ഇതാണ് ഫിന്ലാണ്ടിലെ ഏറ്റവും വലിയ വൈദ്യുതിനിലയം,8,5
he arrived by sea but left by air,അവന് കടല്മാര്ഗം വന്നു പക്ഷെ വായുമാര്ഗം തിരിച്ചുപോയി,8,6
it's yours,ഇത് നിങ്ങളുടെതാണ്,2,2
let's pray,നമുക്ക് പ്രാര്ത്ഥിക്കാം,2,2
listen closely,ശ്രദ്ധാപൂര്വ്വം കേള്ക്കു,2,2
quit complaining,കുറ്റം പറയുന്നത് നിര്ത്തു,2,3
slow down,പതുക്കെ ചെയ്യൂ,2,2
that's acceptable,അത് അംഗീകരിക്കാവുന്നതാണ് ,2,3
that's alright,അത് ശരിതന്നെ,2,2
that's doubtful,അത് സംശയകരമാണ് ,2,3
that's evident,അത് സ്പഷ്ടമാണ് ,2,3
that's foolish,അത് മണ്ടത്തരമാണ് ,2,3
that's fun,അത് വിനോദമാണ്‌ ,2,3
that's logical,അത് യുക്തിസഹമാണ്,2,2
that's lovely,അത് മനോഹരമാണ് ,2,3
that's ludicrous,അത് പരിഹാസ്യമാണ് ,2,3
that's sufficient,അത് പര്യാപ്തമാണ് ,2,3
that's him,അത് അവനാണ് ,2,3
that's her,അത് അവളാണ് ,2,3
that's tom's,അത് ടോമിന്റെതാണ് ,2,3
that's his,അത് അവന്റേതാണ് ,2,3
that's hers,അത് അവളുടെതാണ് ,2,3
that's untrue,അത് അസത്യമാണ് ,2,3
that's wise,അത് വിവേകപരം ആണ് ,2,4
tom screamed,ടോം നിലവിളിച്ചു,2,2
tom understood,ടോം മനസിലാക്കി,2,2
you've failed,നിങ്ങള് പരാജയപ്പെട്ടു,2,2
you've misunderstood,നിങ്ങള് തെറ്റിദ്ധരിച്ചു,2,2
kamdev has used your smile as an arrow as all the five arrows were found insufficient,അഞ്ചുശരങ്ങളും പോരാതെ മന്മഥന് നിന് ചിരി സായകമാക്കി,16,6
she seems to be a good cook,അവള് നല്ല ഒരു പാചകക്കാരി ആണെന്ന് തോന്നുന്നു,7,6
he's ruthless,അവന് ദയയില്ലാത്തവന് ആണ്,2,3
she's ruthless,അവള് ദയയില്ലാത്തവള് ആണ്,2,3
in the wild fire of thought there is an element of the destruction of the self,ചിന്തയുടെ കാട്ടുതീയില് ആത്മനാശത്തിന്റെ ഒരു അംശം ഉണ്ട് ,16,7
mary is quite attractive,മേരി അതീവ സുന്ദരി ആണ് ,4,5
this may be correct,ഇത് ശരിയായിരിക്കാം,4,2
the terrorists attacked a mosque,തീവ്രവാദികള് ഒരു പള്ളി ആക്രമിച്ചു,5,4
sugar is soluble in water,പഞ്ചസാര വെള്ളത്തില് ലയിക്കും,5,3
it made me very happy,അത് എന്നെ വളരെ സന്തോഷവാനാക്കി,5,4
tom is more experienced in business than me,ടോം വ്യാപാരത്തില് എന്നേക്കാള് അനുഭവജ്ഞന് ആണ്,8,5
he lay down on his back,അവന് മലര്ന്നു കിടന്നു,6,3
i bit my tongue,ഞാന് എന്റെ നാവ് കടിച്ചു,4,4
isn't that mine,അത് എന്റേതല്ലേ,3,2
i think you can help us,നിങ്ങള്ക്ക് ഞങ്ങളെ സഹായിക്കാന് കഴിയും എന്ന് ഞാന് വിചാരിക്കുന്നു,6,7
i believe you know the rules,നിങ്ങള്ക്ക് നിയമങ്ങള് അറിയാം എന്ന് ഞാന് വിശ്വസിക്കുന്നു,6,6
i think you know the rules,നിങ്ങള്ക്ക് നിയമങ്ങള് അറിയാം എന്ന് ഞാന് വിചാരിക്കുന്നു,6,6
i believe you know tom,നിങ്ങള്ക്ക് ടോമിനെ അറിയാം എന്ന് ഞാന് വിശ്വസിക്കുന്നു,5,6
i think you know tom,നിങ്ങള്ക്ക് ടോമിനെ അറിയാം എന്ന് ഞാന് വിചാരിക്കുന്നു,5,6
i believe you've been looking for me,നിങ്ങള് എന്നെ അന്വേഷിക്കുകയായിരുന്നു എന്ന് ഞാന് വിശ്വസിക്കുന്നു,7,6
i plowed the field,ഞാന് നിലം ഉഴുതു,4,3
this is a triangle,ഇത് ഒരു ത്രികോണം ആണ്,4,4
he talks a lot,അവന് ധാരാളം സംസാരിക്കാറുണ്ട്,4,3
a man who speaks the truth needs a fast horse,സത്യം പറയുന്ന ഒരു മനുഷ്യന് വേഗതയുള്ള ഒരു കുതിര ആവശ്യമാണ്,10,8
this is ours,ഇത് ഞങ്ങളുടെതാണ്,3,2
this is our bag,ഇത് ഞങ്ങളുടെ ബാഗ്‌ ആണ്,4,4
who betrayed us,ആരാണ് നമ്മളെ ചതിച്ചത്,3,3
i can get you everything you need,നിങ്ങള്ക്ക് ആവശ്യമായതെല്ലാം നല്കാന് എനിക്ക് കഴിയും,7,5
i can get you fired,എനിക്ക് നിങ്ങളെ ജോലിയില് നിന്നും പുറതാക്കിപ്പിക്കാന് കഴിയും,5,6
i can get you more,എനിക്ക് ഇനിയും നിങ്ങള്ക്ക് തരാന് കഴിയും,5,5
i can get you one if you like,നിങ്ങള്ക്ക് ഇഷ്ടമാണെങ്കില് ഇതുപോലൊരെണ്ണം തരാന് കഴിയും,8,5
i can get you out of prison,എനിക്ക് നിങ്ങളെ ജയിലില് നിന്നും പുറത്തിറക്കാന് കഴിയും,7,6
i can give it a shot,എനിക്ക് ഇത് പ്രയോഗിച്ചു നോക്കാന് കഴിയും,6,5
i can give it a try,എനിക്ക് ഇത് പ്രയോഗിച്ചു നോക്കാന് കഴിയും,6,5
i can give it to you right now,എനിക്ക് ഇത് ഇപ്പോള് തന്നെ നിങ്ങള്ക്ക് നല്കാന് കഴിയും,8,7
i can give tom a message,എനിക്ക് ടോമിന് ഒരു മെസ്സേജ് കൊടുക്കാന് കഴിയും,6,6
i can give you a lift into town,എനിക്ക് നിങ്ങള്ക്ക് ടൌണിലേക്ക് ഒരു ലിഫ്റ്റ്‌ തരാന് കഴിയും,8,7
i can give you a lift,എനിക്ക് നിങ്ങള്ക്ക് ലിഫ്റ്റ്‌ തരാന് കഴിയും,6,5
i can give you some medicine for the pain,എനിക്ക് നിങ്ങള്ക്ക് കുറച്ചു വേദനയ്ക്കുള്ള മരുന്ന് തരാന് കഴിയും,9,7
i can give you some money if you need it,എനിക്ക് നിങ്ങള്ക്ക് ആവശ്യമെങ്കില് കുറച്ചു പൈസ തരാന് കഴിയും,10,7
i can give you some useful information,എനിക്ക് നിങ്ങള്ക്ക് കുറച്ചു ആവശ്യകരമായ ഇന്ഫര്മേഷന് തരാം കഴിയും,7,7
i can give you something for your pain,നിങ്ങളുടെ വേദനക്ക് എനിക്ക് എന്തെങ്ങിലും തരാന് കഴിയും,8,6
the cat caught the mouse,പൂച്ച എലിയെ പിടിച്ചു,5,3
who will be the next pope,അടുത്ത പോപ്പ് ആരായിരിക്കും,6,3
i want a coffee,എനിക്ക് ഒരു കോഫി വേണം,4,4
aluminium is a metal,അലൂമിനിയം ഒരു ലോഹം ആണ്,4,4
i want to live here,എനിക്ക് ഇവിടെ ജീവിക്കാന് ആഗ്രഹമുണ്ട്,5,4
this water is odourless,ഈ വെള്ളം മണമില്ലാത്തത് ആണ്,4,4
i'm a gynaecologist,ഞാന് ഒരു സ്ത്രീരോഗ വിദഗ്ധന് ആണ്,3,5
tom thought mary wasn't a very good cook,മേരി നല്ലൊരു പാചകക്കാരി അല്ലെന്നു ടോം കരുതി,8,6
i don't know what you're looking for,നിങ്ങൾ എന്താണ് അന്വേഷിക്കുന്നത് എന്ന് എനിക്ക് അറിയില്ല,7,6
i think you should go home,നിങ്ങൾ വീട്ടിലേക്കു പോകണം എന്ന് ഞാൻ കരുതുന്നു,6,6
we have very little time,നമുക്കു വളരെക്കുറച്ചു സമയം മാത്രമേയുള്ളൂ,5,4
tom turned the page,ടോം പേജ് മറിച്ചു,4,3
he did it anyway,അവൻ എന്തായാലും ചെയ്തു,4,3
tom and i were very busy last week,ടോമും ഞാനും കഴിഞ്ഞയാഴ്ച വളരെ തിരക്കിലായിരുന്നു,8,5
i am taking my final exam,ഞാൻ എൻറെ അവസാന പരീക്ഷ എഴുതുക ആണ്,6,6
of course i love her,തീർച്ചയായും ഞാൻ അവളെ സ്നേഹിക്കുന്നു,5,4
ignorance has no limits,മണ്ടത്തരത്തിന് പരിധികളില്ല,4,2
where is my diary,എൻറെ ഡയറി എവിടെയാണ്,4,3
where is my newspaper,എൻറെ വർത്തമാനപത്രം എവിടെയാണ്,4,3
my name is jack,എൻറെ പേര് ജാക്ക് എന്നാണ്,4,4
i am an engineer,ഞാൻ ഒരു എഞ്ചിനീയർ ആണ്,4,4
he is not a student,അവൻ ഒരു വിദ്യാർത്ഥി അല്ല,5,4
she is not a student,അവൾ ഒരു വിദ്യാർത്ഥിനി അല്ല,5,4
man is at one and the same time a solitary being and a social being,മനുഷ്യന് ഒരേസമയം ഏകാന്ത ജീവിയും സാമൂഹ്യജീവിയുമാണ്,15,5
as a social being he seeks to gain the recognition and affection of his fellow human beings to share in their pleasures to comfort them in their sorrows and to improve their conditions of life,സാമൂഹ്യജീവിയെന്ന നിലയില് സഹജീവികളുടെ സ്നേഹത്തിനും അംഗീകാരത്തിനും വേണ്ടി ശ്രമിക്കുകയും അവരുടെ നൊമ്പരങ്ങളും സന്തോഷങ്ങളും പങ്കുവെയ്ക്കുകയും ചെയ്യുന്നു,35,12
the economic anarchy of capitalist society as it exists today is in my opinion the real source of the evil,നിലവിലുള്ള മുതലാളിത്ത സമൂഹത്തിന്റെ സാമ്പത്തിക സാമൂഹ്യ അരാജകത്വമാണ് പ്രധാന പ്രതിയെന്ന് ഞാന് കരുതുന്നു,20,10
i have not seen you for a long time,വളരെ നാളായല്ലൊ കണ്ടിട്ട്,9,3
long time no see,വളരെ നാളായല്ലൊ കണ്ടിട്ട്,4,3
do you speak malayalam,നിങ്ങള് മലയാളം സംസാരിക്കുമോ,4,3
he is not your father,അവന് നിന്റെ അച്ഛന് അല്ല,5,4
he is not your dad,അവന് നിന്റെ അച്ഛന് അല്ല,5,4
have they seen us,അവർ നമ്മളെ കണ്ടിട്ടുണ്ടാവുമോ,4,3
why are you doing this,നിങ്ങൾ എന്തിന് ഇതു ചെയ്യുന്നു,5,4
i saw tom last monday walking in the park with mary,ഞാൻ ടോം'ഇനെ കഴിഞ്ഞ തിങ്കളാഴ്ച പാർകിൽ വെച്ച് മെരിയുടെ കു‌ടെ നടകുന്നത് കണ്ടു,11,10
they are appealing for money to help refugees,അഭയാര്ത്ഥികളെ സഹായിക്കുവാനുള്ള പണത്തിനായി അവര് അപേക്ഷിക്കുകയാണ്,8,5
both of them are kind and honest,രണ്ടുപേരും ദയാലുക്കളും ആത്മാര്ത്ഥതയുള്ളവരുമാണ്,7,3
they would never meet again,അവര് ഒരിക്കലും കണ്ടുമുട്ടുമായിരുന്നില്ല,5,3
they settled in japan,അവര് ജപ്പാനില് സ്ഥിരതാമസമാക്കി,4,3
park the car in the shade,കാറ് തണലില് നിര്ത്തൂ,6,3
that gold ring belonged to my mother,ആ സ്വര്ണമോതിരം എന്റെ അമ്മയുടേതാണ്,7,4
they hated each other,അവര് പരസ്പരം വെറുത്തു,4,3
my name is emily,എന്റെ പേര് എമിലി,4,3
there are islands in the sea,കടലിൽ ദ്വീപുകൽ ഉണ്ട്,6,3
burj khalifa is currently the tallest building in the world,ഇന്ന് ലോകത്തിലെ ഏറ്റവു ഉയരം കൂടിയ കെട്ടിടം ബുർജ് ഖലീഫ ആണ്,10,9
i always find myself comforting people with the words i want to hear,ഞാൻ കേൾക്കാൻ ആഗ്രഹിക്കുന്ന വാക്കുകൾ കൊണ്ട് ഞാൻ എപ്പോഴും ജനങ്ങളെ ആശ്വസിപ്പിക്കാൻ ശ്രമിക്കുന്നു,13,10
burj khalifa is currently the tallest skyscraper in the world,ബുർജ് ഖലീഫ നിലവിൽ ലോകത്തിലെ ഏറ്റവും ഉയരുമുള്ള കെട്ടിടം ആണ്,10,8
burj khalifa is currently the tallest skyscraper in the world,ഇന്ന് ലോകത്തിലെ ഏറ്റവു ഉയരം കൂടിയ കെട്ടിടം ബുർജ് ഖലീഫ ആണ്,10,9
what time is it,സമയം എന്തായി,4,2
who are you,നിങ്ങൾ ആരാണ്,3,2
hello,നമസ്കാരം,1,1
what is the time,സമയം എത്രയായി,4,2
they're useless now,അവരെക്കൊണ്ട് ഇപ്പോൾ ഉപയോഗമില്ല,3,3
i just got back,ഞാൻ ഇപ്പോൾ തിരിച്ച് എത്തിയതേയുള്ളൂ,4,4
my name is emily,എന്റെ പേര് എമിലി എന്നാണ്,4,4
i believe you,ഞാൻ നിന്നെ വിശ്വസിക്കുന്നു,3,3
do you remember,നിനക്ക് ഓർമ്മയുണ്ടോ,3,2
i am american,ഞാൻ ഒരു അമേരിക്കൻ ആണ്,3,4
give me half,പകുതി എനിക്ക് തരൂ,3,3
good morning,സുപ്രഭാതം,2,1
she arrived,അവൾ വന്നു,2,2
i cannot hear anything,എനിക്ക് ഒന്നും കേള്കുന്നില്ല,4,3
where are you going,എവിടെ പോകുന്നു,4,2
they are planning a trip to london,അവന് ലെണ്ടനിലേക്ക്‌ ഒരു യാത്ര ആസൂത്രണം ചെയ്തു,7,6
i live in this world,ഞാന് ഈ ലോകത്തില് ജീവിക്കുന്നു,5,4
the door is locked,വാതില് പൂട്ടിയിരിക്കുന്നു,4,2
i have a green shirt,എനിക്ക് ഒരു പച്ച കുപ്പായം ഉണ്ട്,5,5
i am afraid of heights,എനിക്ക് ഉയരം ഭയമാണ്,5,3
the sea is blue,കടല് നീലയാണ്,4,2
be careful of pickpockets here,ഇവിടെ പോക്കറ്റടിക്കാരെ സൂക്ഷിക്കുക,5,3
my friend told me he bought a clock,എന്റെ സുഹൃത്ത്‌ ഒരു ഘടികാരം വാങ്ങിച്ചു എന്ന് അവന് പറഞ്ഞു,8,8
where were you,നീ എവിടെയായിരുന്നു,3,2
only if you loved me the way i loved you,ഞാന് സ്നേഹിക്കുന്ന പോലെ നീയും എന്നെ സ്നേഹിച്ചിരുന്നെങ്കില്,10,6
where are you from,നീ എവിടുന്നാണ്,4,2
it's no use arguing about it,അതിനെപ്പറ്റി തര്ക്കിച്ചിട്ട് ഒരു കാര്യവുമില്ല,6,4
who'll be elected chairman,ചെയർമാനായി ആരെയാണ് തെരഞ്ഞെടുക്കാൻ പോകുന്നത്,4,4
who's your favorite player,നിന്റെ പ്രിയപ്പെട്ട കളിക്കാരനാരാണ്,4,3
we'll discuss that later,നമുക്ക് അത് പിന്നെ ചര്ച്ച ചെയ്യാം,4,5
we can't play baseball here,നമുക്കിവിടെ ബേസ് ബോള് കളിയ്ക്കാന് സാധിക്കില്ല,5,5
it'll surely rain today,ഇന്ന് തീര്ച്ചയായും മഴ പെയ്യും,4,4
i have to meet tom,എനിക്ക് ടോമിനെ കാണേണ്ടതുണ്ട്,5,3
i didn't know that apple trees grew from seeds,അപ്പിള് മരങ്ങള് വിത്തുകളില് നിന്നാണ് വളരുന്നത്‌ എന്ന് എനിക്കറിയില്ലായിരുന്നു,9,7
are the necessary basic facilities available ,അവിശ്യമായ അടിസ്ഥാന സൌകര്യങ്ങള് ലഭ്യമാണോ,7,4
it has been a year since you started deceiving me,പറഞ്ഞു പറ്റിക്കാന് തുടങ്ങിയട്ടു ഇന്നു വര്ഷം ഒന്നു,10,6
i tried to make him happy but i found it very difficult to do so,ഞാന് അവനെ സന്തോഷിപ്പിക്കാന് ശ്രമിച്ചു അത് ഞാന് വളരെ വിഷമകരം ആണെന്ന് കണ്ടെത്തി,15,10
to tell you the truth i am scared of heights you are a coward,സത്യം പറഞ്ഞാല് എനിക്ക് ഉയരം പേടിയാണ് നീ ഒരു പേടിത്തൊണ്ടനാണ്,14,8
haven't you had your dinner,ഊണ് കഴിച്ചില്ലായിരുന്നോ ,5,3
we want complete sentences,പൂര്ണ വാക്യങ്ങളാണ് നമുക്ക് ആവശ്യം,4,4
don't change sentences that are correct you can instead submit natural-sounding alternative translations,തെറ്റില്ലാത്ത വാക്യങ്ങളില് മാറ്റം വരുത്തരുത് ആവശ്യമെങ്കില് കേട്ടാല് സ്വാഭാവികതയുള്ള മറ്റൊരു വിവര്ത്തനം ചേര്ക്കാം,13,10
congratulations,അഭിനന്ദനങ്ങള്,1,1
wrong,തെറ്റ്,1,1
louder,ഉറക്കെ,1,1
definitely,തീര്ച്ചയായും,1,1
definitely,ഉറപ്പായും,1,1
almost,ഏറെക്കുറെ,1,1
almost,ഏകദേശം,1,1
what,എന്ത്,1,1
why,എന്തിനു,1,1
why,എന്തിനുവേണ്ടി ,1,2
welcome,സ്വാഗതം,1,1
unbelievable,അവിശ്വസനീയം,1,1
naturally,സ്വഭാവികമായും,1,1
nonsense,അസംബന്ധം,1,1
really,ശരിക്കും,1,1
it broke into two pieces,അത് പൊട്ടി രണ്ടു കഷണമായിപ്പോയി,5,4
silk is expensive,പട്ട് വിലപിടിപ്പുള്ളതാണ്,3,2
i'm not able to fix the car by myself,ആ കാര് നന്നാക്കാന് എന്നെക്കൊണ്ട് ഒറ്റയ്ക്ക് പറ്റില്ല,9,6
where did you and tom first meet each other,നീയും ടോമും ആദ്യമായി കണ്ടത് ഇവിടെവച്ചാണ്,9,5
things went back to normal,കാര്യങ്ങള് പഴയപടിയായി,5,2
alcohol was a contributing factor,മദ്യം ഒരു പ്രധാന ഘടകമാണ്,5,4
tom told me his life story,ടോം അവന്റെ ജീവിതകഥ എന്നോട് പറഞ്ഞു,6,5
it wasn't a conscious decision,അത് മനപ്പൂര്വമായോരു തീരുമാനമായിരുന്നില്ല,5,3
tell me the matter friend,നിങ്ങൾ കാര്യം പറ സുഹൃത്തേ,5,4
she is pretty,അവൾ സുന്ദരിയാണ്‌,3,2
that lock definitely must be broken,ആ പൂട്ട്‌ തീര്ച്ചയായും പോളിക്കപ്പെടണം,6,4
i thought you missed your flight,ഞാന് കരുതി നിനക്ക് ഫ്ലൈറ്റ് കിട്ടിയില്ലെന്ന്,6,5
i don't have time to play games,എനിക്ക് കളിക്കാന് സമയമില്ല,7,3
since when do you care about flowers,നീ എന്നുതൊട്ടാണ് പൂക്കളെ ശ്രദ്ധിച്ച് തുടങ്ങിയത്,7,5
sami had zero dollars to spend on anything,സമിയുടെ കൈയില് ചിലവാക്കാന് ഒറ്റ കാശില്ല,8,5
it's obvious tom knows what he's talking about,ടോം തനിക്ക് അറിയാവുന്ന കാര്യമാണ് പറയുന്നത് എന്ന് വ്യക്തമാണ്,8,7
she is no less beautiful than her sister,സൗന്ദര്യത്തില് അവള് തന്റെ അനിയത്തിയേക്കാള് ഒട്ടും പുറകിലല്ല,8,6
don't resist us,ഞങ്ങളെ തടുക്കരുത്,3,2
i have a feeling tom will be late,ടോം വരാന് താമസിക്കുമെന്ന് തോന്നുന്നു,8,4
i'm not afraid of the future,ഭാവിയെക്കുറിച് എനിക്ക് പേടിയില്ല,6,3
there are several reasons,അതിന് പല കാരണങ്ങള് ഉണ്ട്,4,4
this movie is one of my all-time favorites,എന്റെ എക്കാലത്തെയും പ്രിയപ്പെട്ട സിനിമകളില് ഒന്നാണ് ഇത്,8,6
we read about that in class,അതിനെക്കുറിച്ച് ഞങ്ങള് ക്ലാസ്സില് വച്ച് വായിച്ചു,6,5
i'm not like you,ഞാന് നിന്നെപ്പോലെയല്ല,4,2
she fell in love with a young soldier,അവള് ഒരു യുവസൈനികനുമായി സ്നേഹത്തിലായി,8,4
why are people scared of them,എന്താ എല്ലാവര്ക്കും അവരെ പേടി,6,4
i hope tom isn't reluctant to do that,ടോമിന് അതുചെയ്യാന് മടിയില്ല എന്നാണ് എന്റെ പ്രതീക്ഷ,8,6
sami was spilling it all to the cops,സമി പോലീസിന് എല്ലാം ചോര്ത്തി കൊടുക്കുകയായിരുന്നു,8,5
do you do the same with your children,നിങ്ങള് നിങ്ങളുടെ കുട്ടികളോടും ഇതുതന്നെയാണോ ചെയ്യാറുള്ളത്,8,5
i don't think that you need to tell tom why you went australia,നീ എന്തിനാണ് ഓസ്ട്രേലിയയില് പോയതെന്ന് ടോമിനോട് പറയണ്ട കാര്യമുണ്ടെന്നു എനിക്ക് തോന്നുന്നില്ല,13,9
i wonder what has made him change his mind,അവന്റെ മനസ്സ് മാറ്റിയത് എന്താണെന്നാണ് എനിക്ക് മനസിലാകാത്തത്,9,6
i never said it would be simple,അത് എളുപ്പമായിരിക്കുമെന്ന് ഞാന് പറഞ്ഞില്ലല്ലോ,7,4
she acknowledged her mistake,അവള് തന്റെ തെറ്റ് സമ്മതിച്ചു,4,4
i don't think it's too bad,അത് തീരെ മോശമാണെന്ന് എനിക്ക് തോന്നുന്നില്ല,6,5
i'm not following you at all can you break it down for me,നിങ്ങള് പറയുന്നത് എനിക്ക് മനസ്സിലാകുന്നില്ല ഒന്ന് വിശദമായി പറയാമോ,13,7
what else do you have,വേറെ എന്തൊക്കെയുണ്ട് നിന്റെ കൈയില്,5,4
the most important sex organ is the brain,ഏറ്റവും പ്രധാനപ്പെട്ട ലൈംഗിക അവയവം തലച്ചോറാണ്,8,5
how much do a dozen eggs cost,ഒരു ഡസന് മുട്ടക്ക് എന്താ വില,7,5
tom picked his toys up off the floor and put them in the box,ടോം അവന്റെ കളിപ്പാട്ടങ്ങള് തറയില്നിന്നു പെറുക്കിയെടുത്തു ഒരു പെട്ടിയില്ലിട്ടു,14,7
and what about a coffee,ഒരു കാപ്പി കുടിച്ചാലോ,5,3
let's try to swim against the current,നമുക്ക് ഒഴുക്കിനെതിരെ നീന്താം,7,3
tom likes fried chicken,ടോമിന് പൊരിച്ച കോഴിയിറച്ചി ഇഷ്ട്ടമാണ്,4,4
sami only needs one computer,സമിക്ക് ഒരു കമ്പ്യൂട്ടറിന്റെ ആവശ്യമേയുള്ളൂ,5,4
it isn't a good idea,അതത്ര നല്ല ബുദ്ധിയല്ല,5,3
i wish i'd come a little earlier,ഞാന് ഇത്തിരി നേരത്തെ എത്തിയായിരുന്നെങ്കില്,7,4
i know tom still loves me,ടോമിന് ഇപ്പോഴും എന്നെ ഇഷ്ടമാണന്ന് എനിക്ക് അറിയാം,6,6
she did what she needed to do,അവള് ചെയ്യാനുള്ളത് അവള് ചെയ്തു,7,4
i wasn't talking about you,ഞാന് നിന്റെ കാര്യമല്ല പറഞ്ഞത്,5,4
tom is quite lucky,ടോം വളരെ ഭാഗ്യവാനാണ്,4,3
tom played volleyball in college,ടോം കോളേജില് വോളിബോള് കളിക്കുമായിരുന്നു,5,4
i've just been to the post office,ഞാന് ഇപ്പോള് പോസ്റ്റോഫീസില് പോയതേയുള്ളൂ,7,4
you disturb me a lot,നിങ്ങള് എന്നെ ഒത്തിരി ശല്യംചെയ്യുന്നു,5,4
there aren't any other options,വേറെ ഒരു വഴിയുമില്ല,5,3
tom is mary's brother,ടോം മേരിയുടെ സഹോദരനാണ്,4,3
what's the time,സമയം എത്രയായി,3,2
wanna bet,ബെറ്റ് വെക്കുന്നോ,2,2
wanna bet,പന്തയം വെക്കുന്നോ,2,2
you should pay back your debts,നീ നിന്റെ കടങ്ങള് വീട്ടണം,6,4
your father's supporters are not limited to his friends,നിന്റെ അച്ഛനെ പിന്തുണയ്ക്കുന്നത് അദേഹത്തിന്റെ സുഹൃത്തുക്കള് മാത്രമല്ല,9,6
i didn't leave the door unlocked,ഞാന് വാതില് അടക്കാതെ പോയില്ല,6,4
that's not our only problem,നമ്മുടെ പ്രശ്നം അത് മാത്രമല്ല,5,4
both of her cheeks turned red,അവളുടെ കവിളുകള് രണ്ടും ചുവന്നുതുടുത്തു,6,4
mary looks like she's a bit tired,കണ്ടിട്ട് മേരിക്ക് ക്ഷീണം ഉണ്ടെന്ന് തോന്നുന്നു,7,5
tom and mary have lost their jobs,ടോമിനും മേരിക്കും അവരുടെ ജോലി നഷ്ടമായി,7,5
he stood up,അയാള് എഴുന്നേറ്റുനിന്നു,3,2
he stood up,അവന് എഴുന്നേറ്റുനിന്നു,3,2
she stood up,അവള് എഴുന്നേറ്റുനിന്നു,3,2
five days later president taylor died,അഞ്ചു ദിവസം കഴിഞ്ഞു പ്രസിഡന്റ്റ് ടയിലര് മരിച്ചു,6,6
that'll be enough for now,ഇപ്പോഴത്തേക്ക് അതു മതിയാകും,5,3
i don't like mathematics very much,എനിക്ക് കണക്ക് അത്ര ഇഷ്ടമല്ല,6,4
it's dark outside,പുറത്ത് ഇരുട്ടാണ്,3,2
if i'd been a bird i could've flown to you,ഞാൻ ഒരു പക്ഷിയായിരുന്നെങ്കിൽ എനിക്ക് നിന്റെ അടുത്തേക്ക് പറന്നു വരാമായിരുന്നു,10,8
why don't you explain it all to tom,നീ എന്തുകൊണ്ടാണ് ഇത് ടോമിനോട് പറയാത്തത് ,8,6
he plays golf two or three times a month,അയാൾ മാസത്തില് രണ്ടു മൂന്ന് തവണ ഗോൾഫ് കളിക്കും,9,7
tom has already told mary what to bring to the party,പാർട്ടിയിലേക്ക് എന്താണ് കൊണ്ടുവരേണ്ടെന്ന് ടോം മേരി എടുക്കൽ പറഞ്ഞിട്ടുണ്ട്,11,7
you must be careful in choosing your friends,നീ കൂട്ടുകാരെ കണ്ടെത്തുമ്പോൾ സൂക്ഷിക്കണം,8,4
this rule needs to be changed,ഈ നിയമം മാറ്റിയെ പറ്റു,6,4
that girl over there doesn't have a mother,ധാ ആ കാണുന്ന പെണ്ണിന് അമ്മയില്ല,8,5
that cap is too small for me,ആ തൊപ്പി എനിക്ക് ചെറുതാണ് ,7,5
have i ever lied to you,ഞാൻ നിന്നോട് എപ്പോളെങ്കിലും കള്ളം പറഞ്ഞിട്ടുണ്ടോ ,6,6
i'll go wash my hands,ഞാൻ പോയി കൈ കഴുകട്ടെ,5,4
do you recognize me,എന്നെ മനസ്സിലായോ ,4,3
tom didn't appear to recognize me,ടോമിനെ കണ്ടിട്ട് എന്നെ മനസ്സിലായില്ലെന്ന് തോന്നുന്നു,6,5
you're just trying to scare me,നീ എന്നെ ചുമ്മാതെ പേടിപ്പിക്കാൻ നോക്കുകയാ,6,5
i didn't tell my friends i was going to australia,ഞാൻ ഓസ്‌ട്രെലിയയിൽ പോകുകയാണെന്ന് എന്റെ കൂട്ടുകാരോട് പറഞ്ഞട്ടില്ല,10,6
the river overflowed,ആ നദി കവിഞ്ഞൊഴുകി,3,3
layla was shaking like a leaf,ലെയ് ല ഒരു ഇലപോലെ വിറയ്ക്കുന്നുണ്ടായിരുന്നു,6,5
do you think you'd be able to do that before you go home today,ഇന്ന് വീട്ടിൽ പോകുന്നതിനു മുമ്പ് ചെയ്യാൻ പറ്റുമെന്ന് തോന്നുന്നുണ്ടോ ,14,8
they found each other,അവർ പരസ്പരം കണ്ടെത്തി,4,3
when will you finish your work,നിങ്ങളുടെ ജോലി എപ്പോഴാണ് കഴിയുന്നത് ,6,5
my mother is a kind soul,എന്റെ അമ്മ പാവമാ,6,3
tom has apparently not yet done that,ടോം ഇതുവരെ അത് ചെയ്തിട്ടില്ല,7,4
tom isn't going to know about it,ടോം ഇത് അറിയുവാൻ പോകുന്നില്ല,7,4
the game is starting to be interesting,അ കളി രസമായി തുടങ്ങി,7,4
the finger is broken,വിരൽ ഒടിഞ്ഞു,4,2
is he ok,അവനു കുഴപ്പമൊന്നുമില്ലലൊ,3,2
where did you work before you started working here,ഇവിടെ ജോലി തുടങ്ങുന്നതിനു മുമ്പ് എവിടെയാണ് ജോലി ചെയ്തുകൊണ്ടിരുന്നത് ,9,8
were you at the library yesterday afternoon,ഇന്നലെ ഗ്രന്ഥശാലയിൽ ഉണ്ടായിരുന്നോ,7,3
can you please say that again,ദയവിട്ട് അത് ഒന്നുകൂടി പറയാമോ,6,4
i'd like to see tom again,എനിക്ക് ടോമിനെ ഒന്നുകൂടി കാണണമെന്നുണ്ട് ,6,5
boston isn't all that far away,ബോസ്റ്റണിലേക്കു അധികം ദൂരം ഇല്ല ഇവിടുന്ന്,6,5
i felt that the timing wasn't right,എനിക്ക് ആ സമയം ശരിയല്ല എന്ന് തോന്നി,7,6
tom doesn't want help,ടോമിന് സഹായിക്കാൻ താത്പര്യം ഇല്ല,4,4
tom knew exactly where mary was,ടോമിന് കൃത്യമായി മേരി എവിടാണെന്ന് അറിയാമായിരുന്നു,6,5
i don't really want to go swimming today,ഇന്ന് നീന്താൻ പോകുവാൻ തോന്നുന്നില്ല,8,4
i knew something bad was about to happen,എനിക്കപ്പഴേ അറിയാമായിരുന്നു എന്തോ അശുഭം സംഭവിക്കാൻ പോകുകയാണെന്ന് ,8,7
i knew there would be nothing to do here,എനിക്ക് അറിയാമായിരുന്നു ഇവിടെ ഒന്നും ചെയ്യുവാൻ കാണില്ലെന്ന് ,9,7
tom isn't your boyfriend is he,ടോം നിന്റെ കാമുകൻ അല്ലലോ ,6,5
